companyId,shareholderId,participation,beginDate,endDate,serie
1,473,99,2002-08-20,2006-03-16,2006007264
1,473,56.49,2006-07-13,2007-11-05,
1,473,99.36,2007-11-05,2009-02-23,A
1,473,99.49,2009-02-23,,A
1,1,1,2002-09-02,2002-09-03,
1,1,0.37,2006-07-13,2006-07-13,
1,2,43.14,2006-07-13,2007-11-05,
2,3,78.08,2007-01-01,,
2,4,21.07,2007-01-01,,
3,5,5.29,2000-09-30,2002-07-31,COMUN
3,6,8.16,2004-03-04,2005-01-21,COMUN
3,6,8.27,2005-01-21,2005-05-12,
3,6,9.08,2005-05-12,2005-08-12,
3,6,11.042,2005-08-12,,
3,7,7.01,2004-03-04,2005-01-21,
3,7,5.62,2005-01-21,2005-05-12,
3,8,7.79,2004-03-04,2011-02-01,COMUN
3,9,7.79,2011-02-01,,COMUN
3,10,5.81,2004-03-04,2005-01-21,
3,10,7.73,2005-01-21,2005-05-12,
3,10,9.048,2005-05-12,,
3,11,9.94,2005-01-21,2005-05-12,
3,11,11.441,2005-05-12,,
3,12,7.17,2004-04-30,2005-01-21,
3,13,6.91,2004-03-04,2005-01-21,COMUN
3,14,8.14,2005-01-21,2005-05-12,
3,14,8.93,2005-05-12,2005-09-19,
3,14,9.18,2005-09-19,2006-11-30,
3,15,5.7,2005-05-12,,
3,16,11.071,2005-10-04,,
4,17,5.27,2008-09-09,2011-12-07,
4,18,100,2011-12-07,,
4,19,6.33,2008-09-09,2011-12-07,
4,20,5.27,2008-09-09,2011-12-07,
4,21,6,2004-03-15,2009-12-16,
4,21,4.38,2009-12-16,2009-12-16,
4,22,6,2004-05-19,2007-11-27,
4,22,6,2007-11-27,2008-09-03,
4,23,32.34,2008-02-14,2008-09-09,
4,23,33.93,2008-09-09,2008-10-28,
4,23,34.37,2008-10-28,2009-05-01,
4,24,34.37,2009-05-01,2010-06-22,
4,24,34.7,2010-06-22,2011-12-07,COMUNES
4,25,28.38,2008-02-14,2008-09-09,
4,25,30.04,2008-09-09,2009-12-16,
4,25,31.66,2009-12-16,2011-12-07,
4,26,5,2008-09-23,2008-10-28,
4,27,6,2008-09-03,2008-09-09,
4,27,6.33,2008-09-09,2011-12-07,
4,28,5,2008-09-03,2008-09-23,
5,29,22.8,2011-11-30,2014-03-18,
5,29,16.9,2014-03-18,,
5,30,4.4,2011-11-30,2011-11-30,
5,31,22.8,2011-11-30,2014-03-18,
5,31,15.41,2014-03-18,,
5,32,6.78,2014-03-18,,
5,33,4.1,2011-11-30,2011-11-30,
5,34,36.1,2011-11-30,2014-03-18,
5,34,26.76,2014-03-18,,
5,35,9.8,2011-11-30,2014-03-18,
5,35,7.62,2014-03-18,,
6,36,10.14,2002-08-31,2004-11-05,
6,37,60.85,2004-11-05,2006-03-03,
6,37,86.46,2004-11-24,,
6,38,5.85,2003-08-31,2004-01-31,
6,39,5.05,2001-11-13,2004-11-05,
7,40,100,2004-09-27,2004-12-16,
7,40,99.99,2004-12-16,2005-01-14,
7,41,99.99,2005-01-14,,
8,42,96.98,2006-09-28,2006-12-29,
8,42,97.24,2006-12-29,2007-12-10,
8,42,97.32,2007-12-10,2008-03-28,
8,42,97.34,2008-03-28,2010-11-11,
8,42,12.73,2010-11-11,2017-01-11,
8,42,8.917,2017-01-11,2017-01-12,
8,42,5.117,2017-01-12,2017-01-13,
8,42,3.73,2017-01-13,,
8,43,84.86,2010-11-11,2017-01-11,
8,43,88.774,2017-01-11,2017-01-12,
8,43,92.574,2017-01-12,2017-01-13,
8,43,93.96,2017-01-13,,
9,44,98.54,2005-05-13,,
9,45,9.9,2001-11-08,2005-05-13,
10,46,7.65,2002-07-09,2002-08-31,
10,47,98.91,2008-08-13,2013-07-22,
10,47,60.21,2013-07-22,2013-12-31,COMUNES Y PREFERENTE
10,47,59.53,2013-12-31,2015-01-13,COMUNES Y PREFERENTE
10,47,46.5,2015-01-13,2016-09-07,COMUNES YPREFERENTES
10,47,43.05,2016-09-07,,COMUNES Y PREFERENTE
10,48,8.21,2013-07-22,2013-12-31,COMUNES Y PREFERENTE
10,49,9.99,2013-07-22,2013-12-31,COMUNES
10,49,18.39,2013-12-31,2015-01-13,COMUNES Y PREFERENTE
10,50,38.02,2015-01-13,2016-09-07,COMUNES YPREFERENTES
10,50,44.48,2016-09-07,,COMUNES Y PREFERENTE
11,51,99.99,2013-10-04,,
11,52,46.3,2008-02-20,2008-12-30,
11,52,27.38,2008-12-30,2009-07-15,COMUNES
11,52,23.39,2009-07-15,2010-04-30,COMUNES
11,52,15.0923,2010-04-30,2011-04-29,COMUNES
11,52,13.16,2011-04-29,2012-06-28,
11,52,10.8,2012-06-28,2013-10-04,
11,53,99.99,2006-09-29,2006-11-15,
11,53,99.99,2006-11-15,2008-02-20,
11,53,53.69,2008-02-20,2008-12-30,COMUNES
11,54,72.61,2008-12-30,2009-07-15,COMUNES
11,54,76.6,2009-07-15,2010-04-30,COMUNES
11,54,84.9076,2010-04-30,2011-04-29,COMUNES
11,54,15.0923,2010-04-30,2010-04-30,COMUNES
11,54,86.84,2011-04-29,2012-06-28,
11,54,89.2,2012-06-28,2013-10-04,
12,55,43.6215,2013-05-09,,
12,56,12.6696,2013-05-09,,
12,57,43.7089,2013-05-09,,
13,58,91.89,2007-01-19,2008-01-29,
13,58,93.05,2008-01-29,2008-09-29,
13,58,96.1498325,2008-09-29,2009-08-12,
13,58,96.87,2009-08-12,2010-05-20,
13,58,97.37,2010-05-20,2011-05-10,
13,58,97.7344,2011-05-10,2012-05-31,
13,58,98.00894,2012-05-31,2013-06-10,
13,58,98.2,2013-06-10,2014-06-17,
13,58,98.37,2014-06-17,2016-06-01,
13,58,98.507,2016-06-01,2017-06-05,
13,58,98.708,2017-06-05,,
13,59,83.06,2005-01-27,2006-09-04,
13,59,84.7,2006-09-04,2007-01-29,
14,60,8,2000-05-26,,B
15,61,50,2005-01-06,2009-03-10,
15,62,50,2005-01-06,2009-03-10,
15,62,99.999999,2009-03-11,,
16,63,99.9,2007-10-01,2007-10-01,
16,64,99,2007-10-01,,COMUNES
17,65,100,2004-07-29,,
18,66,92.08,2005-06-10,2016-07-01,
18,66,46.12,2016-07-01,,
18,67,46.12,2016-07-01,,
19,68,100,2009-12-07,,
20,69,100,2012-04-16,,
21,70,100,2012-06-19,2017-01-10,
21,70,96.7,2017-01-10,,
22,42,99.99,2000-11-11,,
22,42,99.99,2000-12-11,2007-01-01,
22,42,100,2002-01-18,2005-01-14,
22,42,57,2007-01-01,2007-01-01,
23,71,23.199,2000-03-24,2007-08-27,B
23,72,86.8,2007-08-27,,
24,10,7.51,2004-12-07,2005-01-13,
24,10,7.52,2005-01-13,2005-02-23,
24,10,7.45,2005-02-23,2005-08-25,
24,10,7.36,2005-08-25,2005-10-04,
24,10,7.18,2005-10-04,2005-10-11,
24,10,7.07,2005-10-11,2005-12-07,
24,10,6.92,2005-12-07,2006-02-21,
24,10,6.88,2006-02-21,2006-09-06,
24,10,6.73,2006-09-06,2006-12-11,
24,10,6.42,2007-01-05,2007-01-22,
24,10,6.15,2007-03-15,2007-04-12,
24,10,6.09,2007-04-12,2007-04-19,
24,10,6.07,2007-04-19,2007-04-26,
24,10,6.02,2007-04-26,2007-05-09,
24,10,5.98,2007-05-09,2007-05-17,
24,10,5.79,2007-05-17,2007-06-04,
24,10,5.97,2007-06-04,2007-06-19,
24,10,5.91,2007-06-19,2007-07-02,
24,10,5.86,2007-07-02,2007-07-17,
24,10,5.68,2007-07-17,2007-07-31,
24,10,5.52,2007-07-31,2007-08-08,
24,10,5.42,2007-08-08,2007-08-20,
24,10,5.34,2007-08-20,2007-08-27,
24,10,5.27,2007-08-27,2007-10-01,
24,10,5.25,2009-03-10,2009-03-24,
24,10,5.31,2009-03-24,2009-03-31,
24,10,5.55,2009-03-31,2009-05-13,
24,10,5.23,2009-05-13,2009-05-15,
24,10,5.12,2009-05-15,2009-05-29,
24,10,5.07,2009-06-29,2009-07-08,
24,10,5.13,2009-07-08,2009-07-24,
24,10,5.07,2009-07-24,2009-07-31,
24,10,5.06,2009-07-31,2009-08-03,
24,73,7.63,2000-12-31,2004-12-07,
24,11,5.65,2004-04-30,2004-11-10,
24,11,6.21,2004-11-10,2004-12-07,
24,11,6.23,2004-12-07,2005-01-13,
24,11,6.26,2005-01-13,2005-02-23,
24,11,6.17,2005-02-23,2005-10-11,
24,11,6.12,2005-10-11,2005-10-12,
24,11,6.09,2005-10-12,2005-12-07,
24,11,6.08,2005-12-07,2005-12-29,
24,11,5.89,2005-12-29,2006-01-04,
24,11,5.9,2006-01-04,2006-09-06,
24,11,6.85,2006-09-06,2006-12-11,
24,11,6.76,2007-01-05,2007-01-22,
24,11,6.43,2007-02-01,2007-03-15,
24,11,6.23,2007-02-08,2007-04-12,
24,11,6.13,2007-04-12,2007-04-19,
24,11,6.07,2007-04-19,2007-04-26,
24,11,5.64,2007-04-26,2007-05-09,
24,11,5.57,2007-05-09,2007-05-17,
24,11,5.52,2007-05-17,2007-06-04,
24,11,5.83,2007-06-04,2007-06-19,
24,11,5.81,2007-06-19,2007-07-31,
24,11,5.78,2007-07-31,2007-08-08,
24,11,5.75,2007-08-08,2007-08-20,
24,11,5.62,2007-08-20,2007-08-27,
24,11,5.53,2007-08-27,2008-03-27,
24,11,6.11,2008-03-27,2009-07-31,
24,11,6.1,2009-07-31,2009-08-14,
24,74,67.04,2005-12-12,2005-12-29,
24,74,67.41,2005-12-21,2008-08-14,
24,74,67.43,2008-08-14,2008-08-19,
24,74,67.47,2008-08-19,2012-05-16,
24,74,53.32,2012-05-16,2012-10-31,
24,74,52.63,2012-10-31,2015-10-14,
24,74,50.77,2015-10-14,2015-10-15,
24,74,50.01,2015-10-15,,
24,75,18.54,2015-09-18,2015-09-24,
24,76,20.36,2013-11-21,2013-11-22,
24,77,21.12,2012-05-16,2012-05-17,
24,77,21.09,2012-05-17,2012-05-21,
24,77,21.08,2012-05-21,2012-05-22,
24,77,21.11,2012-05-22,2012-05-24,
24,77,21.15,2012-05-24,2012-06-06,
24,77,21.17,2012-06-06,2012-06-08,
24,77,21.18,2012-06-08,2012-06-28,
24,77,21.17,2012-06-28,2012-07-06,
24,77,21.15,2012-07-06,2012-07-09,
24,77,21.13,2012-07-09,2012-07-11,
24,77,21.1,2012-07-11,2012-07-13,
24,77,21.06,2012-07-13,2012-07-17,
24,77,21.07,2012-07-17,2012-07-18,
24,77,21.08,2012-07-18,2012-07-20,
24,77,21.03,2012-07-20,2012-07-30,
24,77,21.04,2012-07-30,2012-08-03,
24,77,20.57,2012-08-03,2012-08-08,
24,77,20.49,2012-08-08,2012-08-13,
24,77,20.5,2012-08-13,2012-08-14,
24,77,20.48,2012-08-14,2012-08-15,
24,77,20.42,2012-08-15,2012-08-16,
24,77,20.33,2012-08-16,2012-08-17,
24,77,20.3,2012-08-17,2012-08-20,
24,77,20.2,2012-08-20,2012-08-21,
24,77,20.1,2012-08-21,2012-08-22,
24,77,20.06,2012-08-22,2012-08-23,
24,77,19.98,2012-08-23,2012-08-27,
24,77,19.96,2012-08-27,2012-08-28,
24,77,19.94,2012-08-28,2012-08-31,
24,77,19.93,2012-08-31,2012-09-03,
24,77,19.9,2012-09-03,2012-09-04,
24,77,19.86,2012-09-04,2012-09-14,
24,77,19.8,2012-09-14,2012-09-20,
24,77,19.79,2012-09-20,2012-09-26,
24,77,19.6,2012-09-26,2012-09-28,
24,77,19.58,2012-09-28,2012-10-04,
24,77,19.41,2012-10-04,2012-10-10,
24,77,19.42,2012-10-10,2012-10-16,
24,77,19.4,2012-10-16,2012-11-02,
24,77,19.39,2012-11-02,2012-11-06,
24,77,19.41,2012-11-06,2012-11-15,
24,77,19.43,2012-11-15,2012-11-27,
24,77,19.4,2012-11-27,2012-12-10,
24,77,19.43,2012-12-10,2012-12-18,
24,77,19.45,2012-12-18,2012-12-20,
24,77,19.47,2012-12-20,2012-12-21,
24,77,19.49,2012-12-21,2012-12-27,
24,77,19.51,2012-12-27,2012-12-31,
24,77,19.52,2012-12-31,2013-01-08,
24,77,19.53,2013-01-08,2013-01-14,
24,77,19.55,2013-01-14,2013-01-18,
24,77,19.56,2013-01-18,2013-01-23,
24,77,19.55,2013-01-23,2013-01-24,
24,77,19.56,2013-01-24,2013-01-29,
24,77,19.58,2013-01-29,2013-01-30,
24,77,19.59,2013-01-30,2013-01-31,
24,77,19.6,2013-01-31,2013-02-11,
24,77,19.61,2013-02-11,2013-02-26,
24,77,19.62,2013-02-26,2013-02-27,
24,77,19.64,2013-02-27,2013-03-04,
24,77,19.61,2013-03-04,2013-03-05,
24,77,19.59,2013-03-05,2013-03-06,
24,77,19.58,2013-03-06,2013-03-11,
24,77,19.59,2013-03-11,2013-03-18,
24,77,19.6,2013-03-18,2013-03-19,
24,77,19.62,2013-03-19,2013-03-21,
24,77,19.71,2013-03-21,2013-03-22,
24,77,19.72,2013-03-22,2013-03-25,
24,77,19.78,2013-03-26,2013-03-27,
24,77,19.79,2013-03-27,2013-04-01,
24,77,19.84,2013-04-01,2013-04-03,
24,77,19.85,2013-04-03,2013-04-08,
24,77,19.86,2013-04-08,2013-04-09,
24,77,19.88,2013-04-09,2013-04-17,
24,77,19.9,2013-04-17,2013-04-19,
24,77,19.91,2013-04-19,2013-04-24,
24,77,19.93,2013-04-24,2013-04-30,
24,77,19.94,2013-04-30,2013-05-02,
24,77,20,2013-05-02,2013-05-06,
24,77,20.03,2013-05-06,2013-05-09,
24,77,20.05,2013-05-09,2013-05-14,
24,77,20.08,2013-05-14,2013-05-17,
24,77,20.14,2013-05-17,2013-05-20,
24,77,20.15,2013-05-20,2013-05-21,
24,77,20.16,2013-05-21,2013-05-22,
24,77,20.17,2013-05-22,2013-05-23,
24,77,20.18,2013-05-23,2013-05-24,
24,77,20.31,2013-05-24,2013-05-29,
24,77,20.33,2013-05-29,2013-05-30,
24,77,20.34,2013-05-30,2013-06-04,
24,77,20.36,2013-06-04,2013-06-05,
24,77,20.37,2013-06-05,2013-06-06,
24,77,20.38,2013-06-06,2013-06-10,
24,77,20.5,2013-06-10,2013-06-13,
24,77,20.53,2013-06-13,2013-06-17,
24,77,20.54,2013-06-17,2013-06-20,
24,77,20.55,2013-06-20,2013-06-26,
24,77,20.54,2013-06-26,2013-06-27,
24,77,20.53,2013-06-27,2013-07-01,
24,77,20.52,2013-07-01,2013-07-10,
24,77,20.51,2013-07-10,2013-07-12,
24,77,20.55,2013-07-12,2013-08-01,
24,77,20.57,2013-08-01,2013-08-05,
24,77,20.58,2013-08-05,2013-08-22,
24,77,20.59,2013-08-22,2013-08-23,
24,77,20.6,2013-08-23,2013-08-27,
24,77,20.61,2013-08-27,2013-08-28,
24,77,20.62,2013-08-28,2013-09-02,
24,77,20.59,2013-09-02,2013-09-06,
24,77,20.58,2013-09-06,2013-09-11,
24,77,20.56,2013-09-11,2013-10-09,
24,77,20.55,2013-10-09,2013-10-10,
24,77,20.54,2013-10-10,2013-10-15,
24,77,20.53,2013-10-15,2013-10-16,
24,77,20.52,2013-10-16,2013-10-17,
24,77,20.5,2013-10-17,2013-10-18,
24,77,20.49,2013-10-18,2013-10-25,
24,77,20.39,2013-10-25,2013-10-28,
24,77,20.36,2013-10-28,2013-10-29,
24,77,20.35,2013-10-29,2013-11-04,
24,77,20.33,2013-11-04,2013-11-13,
24,77,20.32,2013-11-13,2013-11-14,
24,77,2.33,2013-11-14,2013-11-14,
24,77,20.33,2013-11-14,2013-11-19,
24,77,20.35,2013-11-19,2013-11-21,
24,77,20.37,2013-11-22,2013-12-02,
24,77,20.36,2013-12-02,2013-12-04,
24,77,20.38,2013-12-04,2013-12-05,
24,77,20.39,2013-12-05,2013-12-10,
24,77,20.4,2013-12-10,2013-12-16,
24,77,20.39,2013-12-16,2013-12-18,
24,77,20.35,2013-12-18,2013-12-19,
24,77,20.34,2013-12-19,2013-12-20,
24,77,20.18,2013-12-20,2013-12-23,
24,77,20.14,2013-12-23,2013-12-27,
24,77,20.13,2013-12-27,2014-01-08,
24,77,20.07,2014-01-08,2014-01-31,
24,77,20.06,2014-01-31,2014-02-03,
24,77,20.04,2014-02-03,2014-02-04,
24,77,20.03,2014-02-04,2014-02-05,
24,77,19.84,2014-02-05,2014-02-06,
24,77,19.82,2014-02-06,2014-02-10,
24,77,19.79,2014-02-10,2014-02-11,
24,77,19.74,2014-02-11,2014-02-12,
24,77,19.68,2014-02-12,2014-02-13,
24,77,19.65,2014-02-13,2014-02-17,
24,77,19.66,2014-02-17,2014-02-19,
24,77,19.65,2014-02-19,2014-02-24,
24,77,19.61,2014-02-24,2014-02-27,
24,77,19.62,2014-02-27,2014-03-03,
24,77,19.61,2014-03-03,2014-03-11,
24,77,19.6,2014-03-11,2014-03-13,
24,77,19.63,2014-03-13,2014-03-24,
24,77,19.62,2014-03-24,2014-03-31,
24,77,19.64,2014-03-31,2014-04-03,
24,77,19.65,2014-04-03,2014-04-08,
24,77,19.66,2014-04-08,2014-04-09,
24,77,19.73,2014-04-09,2014-04-15,
24,77,19.74,2014-04-15,2014-04-16,
24,77,19.71,2014-04-16,2014-04-29,
24,77,19.66,2014-04-29,2014-04-30,
24,77,19.61,2014-04-30,2014-05-05,
24,77,19.59,2014-05-05,2014-05-06,
24,77,19.57,2014-05-06,2014-05-08,
24,77,19.56,2014-05-08,2014-05-12,
24,77,19.55,2014-05-12,2014-05-23,
24,77,19.54,2014-05-23,2014-05-27,
24,77,19.53,2014-05-27,2014-05-28,
24,77,19.46,2014-05-28,2014-06-13,
24,77,19.45,2014-06-13,2014-06-17,
24,77,19.44,2014-06-17,2014-07-02,
24,77,19.42,2014-07-02,2014-07-07,
24,77,19.41,2014-07-07,2014-07-09,
24,77,19.4,2014-07-09,2014-07-10,
24,77,19.39,2014-07-10,2014-07-21,
24,77,19.43,2014-07-21,2014-08-04,
24,77,19.42,2014-08-04,2014-08-22,
24,77,19.41,2014-08-22,2014-08-26,
24,77,19.42,2014-08-26,2014-08-28,
24,77,19.4,2014-08-28,2014-09-03,
24,77,20.16,2014-09-03,2014-09-17,
24,77,20.15,2014-09-17,2014-09-30,
24,77,20.17,2014-09-30,2014-10-01,
24,77,20.18,2014-10-01,2014-10-02,
24,77,20.28,2014-10-02,2014-10-03,
24,77,20.29,2014-10-03,2014-10-21,
24,77,20.3,2014-10-21,2014-10-24,
24,77,20.31,2014-10-24,2014-10-30,
24,77,20.3,2014-10-30,2014-10-31,
24,77,20.18,2014-10-31,2014-11-03,
24,77,20.07,2014-11-03,2014-11-10,
24,77,20.08,2014-11-10,2014-11-14,
24,77,20.05,2014-11-14,2014-11-17,
24,77,20.07,2014-11-17,2014-11-18,
24,77,20.08,2014-11-18,2014-12-10,
24,77,20.07,2014-12-10,2014-12-11,
24,77,20.04,2014-12-11,2014-12-12,
24,77,20.02,2014-12-12,2014-12-15,
24,77,19.99,2014-12-15,2014-12-17,
24,77,19.92,2014-12-17,2014-12-18,
24,77,19.91,2014-12-18,2014-12-22,
24,77,19.9,2014-12-22,2014-12-24,
24,77,19.88,2014-12-24,2014-12-26,
24,77,10.86,2014-12-26,2014-12-26,
24,77,19.86,2014-12-26,2015-01-05,
24,77,19.85,2015-01-05,2015-01-08,
24,77,19.76,2015-01-08,2015-01-09,
24,77,19.66,2015-01-09,2015-01-12,
24,77,19.61,2015-01-12,2015-01-22,
24,77,19.55,2015-01-22,2015-01-23,
24,77,19.41,2015-01-23,2015-01-26,
24,77,19.42,2015-01-26,2015-01-29,
24,77,19.41,2015-01-29,2015-01-30,
24,77,19.42,2015-01-30,2015-02-17,
24,77,19.4,2015-02-17,2015-02-20,
24,77,19.39,2015-02-20,2015-02-24,
24,77,19.4,2015-02-24,2015-03-05,
24,77,19.41,2015-03-05,2015-03-10,
24,77,19.4,2015-03-10,2015-03-11,
24,77,19.35,2015-03-11,2015-03-12,
24,77,19.27,2015-03-12,2015-03-16,
24,77,19,2015-03-16,2015-03-26,
24,77,18.99,2015-03-26,2015-04-09,
24,77,18.98,2015-04-09,2015-04-14,
24,77,18.99,2015-04-14,2015-04-15,
24,77,19,2015-04-15,2015-04-27,
24,77,18.99,2015-04-27,2015-05-06,
24,77,19,2015-05-06,2015-05-07,
24,77,18.99,2015-05-07,2015-05-11,
24,77,18.98,2015-05-11,2015-05-13,
24,77,18.86,2015-05-13,2015-05-15,
24,77,18.83,2015-05-15,2015-05-20,
24,77,18.8,2015-05-20,2015-05-26,
24,77,18.77,2015-05-26,2015-06-03,
24,77,18.76,2015-06-03,2015-06-04,
24,77,18.7,2015-06-04,2015-06-05,
24,77,18.65,2015-06-05,2015-06-17,
24,77,18.66,2015-06-17,2015-06-18,
24,77,18.57,2015-06-18,2015-06-19,
24,77,18.55,2015-06-19,2015-06-22,
24,77,18.49,2015-06-22,2015-06-23,
24,77,18.47,2015-06-23,2015-06-24,
24,77,18.46,2015-06-24,2015-06-25,
24,77,18.42,2015-06-25,2015-07-01,
24,77,18.41,2015-07-01,2015-07-02,
24,77,18.42,2015-07-02,2015-07-06,
24,77,18.41,2015-07-06,2015-07-07,
24,77,18.4,2015-07-07,2015-07-09,
24,77,18.39,2015-07-09,2015-07-16,
24,77,18.4,2015-07-16,2015-07-22,
24,77,18.39,2015-07-22,2015-08-12,
24,77,18.4,2015-08-12,2015-08-13,
24,77,18.41,2015-08-13,2015-08-17,
24,77,18.42,2015-08-17,2015-08-18,
24,77,18.43,2015-08-18,2015-08-20,
24,77,18.45,2015-08-20,2015-08-24,
24,77,18.46,2015-08-24,2015-08-25,
24,77,18.47,2015-08-25,2015-08-28,
24,77,18.54,2015-08-28,2015-09-01,
24,77,18.58,2015-09-01,2015-09-02,
24,77,18.57,2015-09-02,2015-09-04,
24,77,18.56,2015-09-04,2015-09-08,
24,77,18.55,2015-09-08,2015-09-09,
24,77,18.53,2015-09-09,2015-09-18,
24,77,18.53,2015-09-24,2015-10-05,
24,77,18.47,2015-10-05,2015-10-14,
24,77,18.52,2015-10-14,2015-10-19,
24,77,18.51,2015-10-19,2015-10-21,
24,77,18.52,2015-10-21,2015-11-02,
24,77,18.51,2015-11-02,2015-11-06,
24,77,18.52,2015-11-06,2015-11-27,
24,77,18.43,2015-11-27,2015-12-01,
24,77,18.42,2015-12-01,2015-12-07,
24,77,18.37,2015-12-07,2015-12-09,
24,77,18.33,2015-12-09,2015-12-22,
24,77,18.27,2015-12-22,2015-12-24,
24,77,18.24,2015-12-24,2016-01-11,
24,77,18.25,2016-01-11,2016-01-13,
24,77,18.24,2016-01-13,2016-01-22,
24,77,18.2,2016-01-22,2016-01-28,
24,77,18.22,2016-01-28,2016-02-01,
24,77,18.21,2016-02-01,2016-02-02,
24,77,18.22,2016-02-02,2016-02-10,
24,77,18.27,2016-02-10,2016-02-17,
24,77,18.28,2016-02-17,2016-02-18,
24,77,18.29,2016-02-18,2016-02-24,
24,77,18.28,2016-02-24,2016-03-03,
24,77,18.27,2016-03-03,2016-03-14,
24,77,18.28,2016-03-14,2016-03-17,
24,77,18.29,2016-03-17,2016-03-21,
24,77,18.28,2016-03-21,2016-03-22,
24,77,18.27,2016-03-22,2016-03-28,
24,77,18.26,2016-03-28,2016-03-29,
24,77,18.25,2016-03-29,2016-03-30,
24,77,18.23,2016-03-30,2016-04-07,
24,77,18.24,2016-04-07,2016-04-08,
24,77,18.25,2016-04-08,2016-04-13,
24,77,18.28,2016-04-13,2016-04-14,
24,77,18.26,2016-04-14,2016-04-15,
24,77,18.24,2016-04-15,2016-04-18,
24,77,18.21,2016-04-18,2016-04-20,
24,77,18.2,2016-04-20,2016-04-22,
24,77,18.17,2016-04-22,2016-04-29,
24,77,18.16,2016-04-29,2016-05-10,
24,77,18.18,2016-05-10,2016-05-11,
24,77,18.25,2016-05-11,2016-05-12,
24,77,18.26,2016-05-12,2016-05-13,
24,77,18.27,2016-05-13,2016-05-17,
24,77,18.3,2016-05-17,2016-05-24,
24,77,18.29,2016-05-24,2016-06-08,
24,77,18.28,2016-06-08,2016-06-09,
24,77,18.26,2016-06-09,2016-06-14,
24,77,18.24,2016-06-14,2016-06-17,
24,77,18.25,2016-06-17,2016-06-23,
24,77,18.23,2016-06-23,2016-07-06,
24,77,18.24,2016-07-06,2016-07-08,
24,77,18.23,2016-07-08,2016-07-11,
24,77,18.24,2016-07-11,2016-07-18,
24,77,18.22,2016-07-18,2016-07-19,
24,77,18.15,2016-07-19,2016-07-22,
24,77,18.08,2016-07-22,2016-07-25,
24,77,18.02,2016-07-25,2016-08-04,
24,77,18.01,2016-08-04,2016-08-05,
24,77,18,2016-08-05,2016-08-08,
24,77,18.02,2016-08-08,2016-08-09,
24,77,18.03,2016-08-09,2016-08-10,
24,77,18.06,2016-08-10,2016-08-12,
24,77,18.07,2016-08-12,2016-08-16,
24,77,18.17,2016-08-16,2016-08-17,
24,77,18.19,2016-08-17,2016-08-22,
24,77,18.2,2016-08-22,2016-08-23,
24,77,18.19,2016-08-23,2016-08-26,
24,77,18.2,2016-08-26,2016-08-31,
24,77,18.13,2016-08-31,2016-09-02,
24,77,18.12,2016-09-02,2016-09-06,
24,77,18.13,2016-09-06,2016-09-12,
24,77,18.11,2016-09-12,2016-09-15,
24,77,18.1,2016-09-15,2016-09-23,
24,77,18.09,2016-09-23,2016-09-27,
24,77,18.13,2016-09-27,2016-10-03,
24,77,18.14,2016-10-03,2016-10-04,
24,77,18.15,2016-10-04,2016-10-05,
24,77,18.16,2016-10-05,2016-10-07,
24,77,18.17,2016-10-07,2016-10-10,
24,77,18.19,2016-10-10,2016-10-11,
24,77,18.21,2016-10-11,2016-10-12,
24,77,18.2,2016-10-12,2016-10-14,
24,77,18.19,2016-10-14,2016-10-25,
24,77,18,2016-10-25,2016-10-31,
24,77,18.18,2016-10-31,2016-11-04,
24,77,18.08,2016-11-04,2016-11-15,
24,77,18.09,2016-11-15,2016-11-25,
24,77,18.1,2016-11-25,2016-11-28,
24,77,18.06,2016-11-28,2016-11-29,
24,77,18.03,2016-11-29,2016-11-30,
24,77,17.97,2016-11-30,2016-12-01,
24,77,17.94,2016-12-01,2016-12-05,
24,77,17.89,2016-12-05,2016-12-06,
24,77,17.9,2016-12-06,2016-12-07,
24,77,19.86,2016-12-07,2016-12-09,
24,77,17.87,2016-12-09,2016-12-12,
24,77,17.85,2016-12-12,2016-12-15,
24,77,17.84,2016-12-15,2016-12-16,
24,77,17.81,2016-12-16,2016-12-19,
24,77,17.8,2016-12-19,2016-12-23,
24,77,17.79,2016-12-23,2016-12-27,
24,77,17.78,2016-12-27,2017-01-10,
24,77,17.79,2017-01-10,2017-01-20,
24,77,17.77,2017-01-20,2017-01-23,
24,77,17.76,2017-01-23,2017-01-26,
24,77,17.75,2017-01-26,2017-01-30,
24,77,17.71,2017-01-30,2017-02-03,
24,77,17.65,2017-02-03,2017-02-06,
24,77,17.64,2017-02-06,2017-02-07,
24,77,17.63,2017-02-07,2017-02-10,
24,77,17.64,2017-02-10,2017-02-21,
24,77,17.51,2017-02-21,2017-02-24,
24,77,17.4,2017-02-24,2017-02-27,
24,77,17.36,2017-02-27,2017-02-28,
24,77,17.35,2017-02-28,2017-03-07,
24,77,17.29,2017-03-07,2017-03-08,
24,77,17.26,2017-03-08,2017-03-09,
24,77,17.05,2017-03-09,2017-03-13,
24,77,17.04,2017-03-13,2017-03-14,
24,77,17.03,2017-03-14,2017-03-21,
24,77,17.02,2017-03-21,2017-03-24,
24,77,17.01,2017-03-24,2017-03-27,
24,77,17,2017-03-27,2017-03-28,
24,77,16.97,2017-03-28,2017-03-29,
24,77,19.96,2017-03-29,2017-03-29,
24,77,16.96,2017-03-29,2017-03-30,
24,77,16.93,2017-03-30,2017-04-04,
24,77,16.92,2017-04-04,2017-04-19,
24,77,16.91,2017-04-19,2017-04-20,
24,77,16.87,2017-04-20,2017-04-27,
24,77,16.86,2017-04-27,2017-05-02,
24,77,16.85,2017-05-02,2017-05-09,
24,77,16.84,2017-05-09,2017-05-11,
24,77,16.83,2017-05-11,2017-05-12,
24,77,16.8,2017-05-12,2017-05-18,
24,77,16.78,2017-05-18,2017-05-19,
24,77,16.77,2017-05-19,2017-05-30,
24,77,16.78,2017-05-30,2017-05-31,
24,77,16.81,2017-05-31,2017-06-01,
24,77,16.82,2017-06-01,2017-06-02,
24,77,16.83,2017-06-02,2017-06-19,
24,77,16.87,2017-06-19,2017-06-21,
24,14,7.17,2004-04-30,2004-12-07,
24,14,7.21,2004-12-07,2005-02-23,
24,14,7.46,2005-02-23,2005-10-11,
24,14,7.21,2005-10-11,2005-10-12,
24,14,7.17,2005-10-12,2005-10-21,
24,14,7.14,2005-11-21,2006-01-18,
24,14,7.01,2006-01-18,2006-02-21,
24,14,7.01,2006-02-21,2006-09-06,
24,14,6.17,2006-09-06,2006-12-11,
24,78,5.22,2009-08-14,2009-08-19,
24,78,5.24,2009-08-19,2009-08-26,
24,78,5.25,2009-08-26,2009-08-31,
24,78,5.3,2009-08-31,2009-10-21,
24,78,5.33,2009-10-21,2009-10-27,
24,78,5.34,2009-10-27,2009-10-28,
24,78,5.37,2009-10-28,2009-10-30,
24,78,5.44,2009-10-30,2009-11-03,
24,78,5.48,2009-11-03,2010-01-12,
24,78,5.47,2010-01-12,2010-06-09,
24,78,5.46,2010-06-09,2010-08-10,
24,78,5.47,2010-08-10,2010-08-17,
24,78,5.42,2010-08-17,2010-09-10,
24,78,5.35,2010-09-10,2010-10-26,
24,78,5.32,2010-10-26,2010-11-04,
24,78,5.31,2010-11-04,2010-11-05,
24,78,5.3,2010-11-05,2010-11-23,
24,78,5.28,2010-11-23,2010-11-30,
24,78,5.24,2010-11-30,2010-12-03,
24,78,5.22,2010-12-03,2010-12-07,
24,78,5.2,2010-12-07,2011-01-11,
24,78,5.19,2011-01-11,2011-01-31,
24,78,5.18,2011-01-31,2011-02-03,
24,78,5.17,2011-02-03,2011-02-09,
24,78,5.16,2011-02-09,2011-03-09,
24,78,5.15,2011-03-09,2011-04-11,
24,78,5.14,2011-04-11,2011-11-10,
24,78,5.13,2011-11-10,2011-12-02,
24,78,5.12,2011-12-02,2011-12-06,
24,78,5.11,2011-12-06,2012-01-10,
24,78,5.1,2012-01-10,2012-02-09,
24,78,5.11,2012-02-09,2012-04-12,
24,78,5.1,2012-04-12,2012-05-16,
24,79,5.58,2009-08-14,2009-10-13,
24,79,5.6,2009-10-13,2009-12-10,
24,79,5.67,2009-12-10,2010-01-12,
24,79,5.69,2010-01-12,2010-01-25,
24,79,5.66,2010-01-25,2010-03-09,
24,79,5.7,2010-03-09,2010-03-19,
24,79,5.68,2010-03-19,2010-06-09,
24,79,5.71,2010-06-09,2010-08-10,
24,79,5.7,2010-08-10,2010-10-12,
24,79,5.69,2010-10-12,2010-12-10,
24,79,5.7,2010-12-10,2011-01-11,
24,79,5.71,2011-01-11,2011-02-09,
24,79,5.73,2011-02-09,2011-03-09,
24,79,5.77,2011-03-09,2011-03-18,
24,79,5.81,2011-03-18,2011-03-24,
24,79,5.82,2011-03-24,2011-03-30,
24,79,5.83,2011-03-30,2011-04-01,
24,79,5.88,2011-04-01,2011-04-05,
24,79,5.89,2011-04-05,2011-04-06,
24,79,5.92,2011-04-06,2011-04-07,
24,79,5.98,2011-04-07,2011-04-08,
24,79,6.03,2011-04-08,2011-04-11,
24,79,6.07,2011-04-11,2011-04-12,
24,79,6.11,2011-04-12,2011-04-14,
24,79,6.14,2011-04-14,2011-04-15,
24,79,6.07,2011-04-15,2011-05-04,
24,79,6.05,2011-05-04,2011-06-09,
24,79,6.04,2011-06-09,2011-06-17,
24,79,6.02,2011-06-17,2011-07-26,
24,79,5.97,2011-07-26,2011-08-09,
24,79,5.96,2011-08-09,2011-08-23,
24,79,5.97,2011-08-23,2011-10-11,
24,79,5.96,2011-10-11,2011-10-20,
24,79,5.94,2011-10-20,2011-11-04,
24,79,5.95,2011-11-04,2011-11-08,
24,79,5.97,2011-11-08,2011-11-10,
24,79,5.96,2011-11-10,2011-11-17,
24,79,5.87,2011-11-17,2011-11-29,
24,79,5.85,2011-11-29,2011-12-12,
24,79,5.84,2011-12-12,2011-12-26,
24,79,5.83,2011-12-26,2011-12-27,
24,79,5.77,2011-12-27,2011-12-28,
24,79,5.76,2011-12-28,2012-02-09,
24,79,5.75,2012-02-09,2012-02-13,
24,79,5.36,2012-02-13,2012-05-10,
24,79,5.37,2012-05-10,2012-05-16,
24,80,7.8,2007-03-15,2007-04-12,
24,80,7.16,2007-04-12,2007-04-19,
24,80,7.76,2007-04-19,2007-06-04,
24,80,7.84,2007-06-04,2007-07-02,
24,80,7.88,2007-07-02,2007-08-08,
24,80,7.93,2007-08-08,2007-08-20,
24,80,7.96,2007-08-20,2007-08-27,
24,80,8.05,2007-08-27,2007-10-01,
24,80,8.14,2007-10-01,2007-10-30,
24,80,8.19,2007-10-30,2008-04-25,
24,80,8.18,2008-04-25,2008-05-29,
24,80,8.19,2008-05-29,2008-06-05,
24,80,8.22,2008-06-05,2008-08-19,
24,80,8.2,2008-08-19,2008-08-22,
24,80,8.18,2008-08-22,2008-10-06,
24,80,8.12,2008-10-06,2008-10-30,
24,80,8.19,2008-10-30,2009-05-08,
24,80,8.62,2009-05-08,2009-05-12,
24,80,9.06,2009-05-12,2009-05-13,
24,80,9.12,2009-05-13,2009-05-15,
24,80,9.14,2009-05-15,2009-05-22,
24,80,9.19,2009-05-22,2009-05-28,
24,80,9.26,2009-05-28,2009-06-16,
24,80,9.44,2009-06-16,2009-06-19,
24,80,9.54,2009-06-19,2009-06-23,
24,80,9.64,2009-06-23,2009-06-30,
24,80,9.7,2009-06-30,2009-07-21,
24,80,9.75,2009-07-21,2009-07-24,
24,80,10.93,2009-07-24,2009-07-31,
24,80,10.92,2009-07-31,2009-08-14,
25,81,99.9,2009-12-30,,
26,82,80,2009-06-01,,COMUNES
26,83,20,2009-06-01,,COMUNES
27,84,6.5092996,2017-04-20,,
27,85,99.99,2000-02-18,2015-11-13,
27,85,90.05,2015-11-13,2017-04-20,
27,85,80.5940003,2017-04-20,,
27,86,4.6997,2017-04-20,,
28,87,100,2004-09-01,,
31,88,14.3,2008-09-25,2011-06-14,
31,89,5.025,2011-06-14,,COMUNES
31,90,5.025,2011-06-14,,COMUNES
31,91,5.03,2011-06-14,,COMUNES
31,92,5.025,2011-06-14,,COMUNES
31,93,5.061,2011-06-14,,COMUNES
31,94,10.9,2008-09-25,,
31,95,7.69,2000-10-30,2005-06-07,
31,95,7.68,2005-06-07,2008-09-25,
31,95,7.7,2008-09-25,,
31,96,8.7,2002-08-31,2002-10-04,
31,97,7.11,2005-06-07,2006-03-02,
31,97,5.45,2006-03-02,2008-09-25,
31,98,6.4,2005-06-07,2006-03-02,
31,98,6.26,2006-03-02,2008-09-25,
31,99,43.2,2002-10-04,2005-06-15,
31,99,43.2,2002-10-04,2002-12-31,
31,100,7,2017-06-09,,
31,101,5.95,2017-06-09,,
32,102,99.99,2015-11-10,,
33,103,10,2004-12-21,2007-01-23,
33,104,6.73,2004-12-21,2005-01-03,
33,105,10.51,2004-02-28,2008-11-03,A
33,11,6.73,2005-01-03,2006-10-02,
33,106,6.16,2006-10-02,2007-02-02,
33,106,5.5,2007-01-16,2008-11-03,A
33,107,69.75,2008-11-03,2011-11-09,COMUNES CLASE A
33,107,88.19,2011-11-09,,A
33,108,10,2002-08-31,2005-09-09,
33,108,11.19,2005-09-09,2008-11-03,A
33,78,5.21,2008-11-03,2011-11-11,COMUNES CLASE A
34,109,7.28,2008-08-21,2010-08-02,
34,109,7.47,2010-08-02,2010-08-03,COMUN
34,109,8.31,2010-08-03,2016-04-12,COMUNES
34,110,12.84,2002-08-31,2004-03-11,
34,110,9.38,2007-02-06,2007-05-01,
34,110,19.88,2007-05-01,2008-06-10,
34,110,15.57,2008-06-10,2009-03-05,
34,110,12.56,2009-03-05,2010-08-02,
34,110,9.99,2010-08-02,2011-03-29,COMUN
34,10,9.05,2004-03-11,2004-09-08,2004025563
34,10,10.05,2004-09-08,2005-11-08,
34,10,8.23,2005-11-08,2005-11-17,
34,10,6.87,2005-11-17,2006-09-14,
34,10,6.81,2006-09-14,2007-02-06,
34,111,6.82,2007-02-06,2007-07-31,
34,111,5.92,2008-07-31,2010-08-02,
34,112,7.36,2007-02-06,2007-07-31,
34,11,6.64,2004-03-11,2004-09-08,
34,11,7.78,2004-09-08,2005-11-08,
34,11,9.17,2005-11-08,2005-11-17,
34,11,8.41,2005-11-17,2006-09-14,
34,11,8.21,2006-09-14,2007-02-06,
34,113,6.09,2007-02-06,2007-04-30,
34,106,7.15,2007-02-06,2007-04-30,
34,106,5.83,2015-05-29,2015-07-17,COMUNES
34,114,5.36,2005-11-08,2008-03-07,
34,114,5.41,2008-03-07,2008-05-30,
34,114,5.43,2008-05-30,2008-08-21,
34,114,5.76,2008-08-21,2008-08-26,
34,114,5.7,2008-08-26,2010-08-02,
34,115,10.5,2007-02-07,2007-05-01,
34,116,10.5,2004-09-08,2007-02-07,
34,14,5.83,2004-04-30,2004-09-08,
34,14,7.53,2005-11-08,2005-11-17,
34,14,6.85,2005-11-17,2006-09-14,
34,14,6.76,2006-09-14,2007-02-06,
34,15,5.22,2005-11-08,2005-11-17,
34,117,5.23,2007-02-06,2007-02-28,
34,78,9.29,2007-02-06,2008-03-07,
34,78,6.36,2008-03-07,2008-05-30,
34,78,6.38,2008-05-30,2008-08-21,
34,78,6.42,2008-08-21,2010-08-02,
34,78,6.07,2010-08-02,2015-05-29,COMUN
34,79,5.54,2008-05-30,2008-08-21,
34,79,5.61,2008-08-21,2008-08-26,
34,79,5.34,2008-08-26,2010-08-02,
34,118,5.61,2008-03-07,2008-05-30,
34,119,8.98,2007-02-06,2008-03-07,
34,120,15.86,2005-11-08,2005-11-17,
34,120,19.93,2005-11-17,2007-02-27,
34,120,19.93,2007-02-06,2008-08-21,
34,120,27.11,2008-08-21,2008-08-26,
34,120,29.33,2008-08-26,2010-08-02,
34,120,44.86,2010-08-02,2011-08-01,COMUN
34,120,49.89,2011-08-01,2015-07-17,COMUNES
34,120,59.89,2015-07-17,2016-04-12,COMUNES
34,120,80.24,2016-04-12,2016-04-12,COMUNES
34,120,80.07,2016-04-12,,COMUNES
34,121,10.5,2000-04-27,2004-09-08,
35,122,99.84,2002-12-23,,
35,123,99,2002-02-01,2002-12-23,
35,124,1,2002-02-01,2003-12-11,
36,125,35,2008-02-04,2009-02-12,
36,125,36.32,2009-02-12,,
36,126,65,2008-02-04,2009-02-12,
36,127,63.68,2009-02-12,,
37,128,45,2001-08-23,2007-01-24,
37,128,25.5,2007-01-24,,
37,129,10,2001-08-23,2005-01-21,
37,130,29,2007-01-24,2009-07-22,
37,131,45,2001-08-23,2007-01-24,
37,131,25.5,2007-01-24,,
37,132,10,2005-01-21,2007-01-24,
37,132,20,2007-01-24,,
37,133,29,2009-07-22,,C
38,134,40,2006-12-22,,
38,135,15,2001-11-07,2006-12-22,
38,136,28.3,2001-11-07,2006-12-22,
38,137,56.66,2001-11-07,2006-12-22,
38,138,60,2006-12-22,,
40,139,4.63,2017-01-02,2017-03-31,
40,139,4.73,2017-03-31,,
40,140,14.79,2017-06-15,,
40,141,17.16,2004-07-26,2006-03-02,
40,142,16.4,2004-07-26,2006-03-02,
40,143,8.035,2007-02-10,2007-02-10,COMUNES
40,143,8.04,2007-02-10,,
40,144,8.07,2007-02-10,,
40,145,5.42,2017-02-17,,
40,146,8.43,2006-03-02,2006-12-13,
40,146,9.56,2008-01-31,2008-12-24,
40,147,9.01,2004-07-26,2006-03-02,
40,148,11.27,2004-07-26,2006-03-02,
40,149,5.17,2014-03-31,,
40,150,5,2004-07-26,2006-03-02,
40,150,5.24,2008-01-31,2008-12-17,
40,150,5.42,2008-12-19,2017-02-17,
42,151,99.9,2005-11-08,2016-07-14,
42,151,70.61,2016-07-18,,
42,152,11.69,2016-07-18,,
42,153,11.69,2016-07-18,,
43,71,98.17,2000-03-01,2003-12-19,A
43,71,98.7,2003-12-19,2014-01-07,"""A"" Y ""C"""
43,71,97.955642,2014-01-07,,"""A"" Y ""C"""
44,154,43.38,2012-09-30,,
44,155,52.26,2012-09-30,,
44,156,4.36,2012-09-30,,
45,157,37.4524,2015-09-02,2017-03-01,
45,158,25,2015-09-02,2017-03-01,
45,159,11.1591,2011-12-31,,
45,159,11.1591,2015-09-02,2017-03-01,
45,160,12.4997,2011-12-31,,
45,160,12.4997,2015-09-02,2017-03-01,
45,161,10.4047,2011-12-31,,
45,161,10.4047,2015-09-02,2017-03-01,
46,162,99.99,2012-11-01,,-
47,163,15.24,2004-08-24,2006-09-28,
47,163,15.24,2006-09-28,,
47,164,38.24,2000-01-01,2004-08-24,
47,164,38.73,2004-08-24,2005-03-14,
47,164,39.02,2005-03-14,2005-06-02,
47,164,39.25,2005-06-02,2005-09-07,
47,164,39.76,2005-09-07,2006-01-04,
47,164,39.25,2006-01-04,2006-09-28,
47,164,55.77,2006-09-28,,
47,10,7.73,2002-08-31,2006-09-28,
47,165,0.84,2006-09-28,,
47,11,8.41,2000-03-31,2006-09-28,
47,166,8.39,2006-09-28,,
47,13,5.09,2000-03-31,2002-01-18,
47,14,5.43,2003-04-23,2004-08-24,
47,14,5.48,2004-08-24,2005-06-02,
47,14,5.46,2005-06-02,2006-09-28,
47,167,3.26,2006-09-28,,
47,168,7.6,2006-09-28,2005-12-09,
47,169,2.4,2006-09-28,,
48,170,95,2001-12-03,2008-07-15,
48,171,10.6,2000-09-07,2004-01-05,
48,39,100,2008-07-15,,
50,172,99.99,2008-06-25,,
51,173,84.35,2007-10-31,2007-11-26,"A, C"
51,173,77.13,2007-11-26,2009-10-14,A Y C
51,174,95.31,2009-10-14,2009-10-27,A Y C
51,174,98.98,2009-10-27,2009-10-31,A Y C
51,174,99.28,2009-10-31,2009-11-02,A y C
51,174,99.34,2009-11-30,2010-12-31,A y C
51,174,99.79,2010-12-31,2014-11-18,A Y C
51,174,99.895,2014-11-19,2014-12-10,"A,B Y C"
51,174,99.947,2014-12-10,,"A,B Y C"
51,56,5.26,2007-11-26,2009-10-14,A
51,175,7.82,2007-10-31,2007-11-26,A
51,175,8.3,2007-11-26,2009-10-14,A
52,176,20.1,2004-08-24,,
52,42,75.72,2004-08-24,,
53,177,30,2000-03-31,2005-06-17,
53,178,99.99,2005-06-17,,
54,179,6.176276,2009-07-01,2014-01-15,
54,179,4.03,2014-01-15,,
54,180,5,2015-03-11,2015-03-11,
54,181,7.456231,2009-07-01,2011-03-12,
54,182,6.024577,2009-07-01,2011-04-09,
55,183,56.04,2006-03-03,2006-08-07,
55,184,50.43,2006-08-07,2006-11-17,
55,184,83.28,2006-11-17,2007-01-16,
55,184,83.27,2007-01-16,2009-11-23,
55,184,86.66,2009-11-24,2013-11-10,
55,184,90.03,2013-11-11,,
55,185,40.24,2006-03-03,2006-11-17,
56,42,5.195,2009-12-23,2010-01-31,COMUNES
56,42,5.44,2010-01-31,2013-07-01,COMUNES
56,42,6.82,2013-07-01,,COMUNES
56,186,24,2009-10-15,,COMUNES
56,187,24,2008-11-03,2009-10-15,COMUNES
56,187,51.68,2017-05-01,,COMUNES
56,71,36.45,2000-05-10,2002-07-04,
56,10,9.33,2002-07-04,2004-12-31,
56,10,9.37,2004-12-31,2005-03-29,
56,10,9.33,2005-03-29,2006-12-27,
56,111,5.864618,2007-07-31,2007-08-31,COMUNES
56,111,5.727,2007-08-31,2007-09-30,COMUNES
56,111,5.367,2007-09-30,2007-10-31,COMUNES
56,111,5.361,2007-10-31,2007-12-31,COMUNES
56,111,5.3369,2007-12-31,2008-01-31,COMUNES
56,111,5.3369,2008-01-31,2008-03-31,COMUNES
56,111,5.348719,2008-03-31,2008-07-31,COMUNES
56,111,5.382688,2008-07-31,2008-11-03,COMUNES
56,112,7.221,2005-12-09,2007-07-31,COMUNES
56,112,8.17,2006-12-27,2007-01-12,
56,11,12.51,2002-06-30,2004-10-27,
56,11,12.41,2004-10-27,2004-12-31,
56,11,12.46,2004-12-31,2005-03-29,
56,11,12.53,2005-03-29,2006-12-27,
56,113,7.409051,2007-07-31,2007-08-31,COMUNES
56,113,7.278,2007-08-31,2007-09-30,COMUNES
56,113,7.156,2007-09-30,2007-10-31,COMUNES
56,113,7.075,2007-10-31,2007-11-30,COMUNES
56,113,7.041,2007-11-30,2007-12-31,COMUNES
56,113,6.99738,2007-12-31,2008-01-31,COMUNES
56,113,6.95706,2008-01-31,2008-02-29,COMUNES
56,113,6.916499,2008-02-29,2008-03-31,COMUNES
56,113,6.880485,2008-03-31,2008-11-03,COMUNES
56,106,9.874,2005-12-09,2007-07-31,COMUNES
56,106,11.53,2006-12-27,2007-01-12,
56,188,51.68,2009-12-01,2017-04-30,COMUNES
56,189,8.32,2009-12-01,2009-12-23,COMUNES
56,14,10.66,2002-06-30,2005-03-29,
56,14,10.72,2005-03-29,2006-12-27,
56,15,5.86,2003-07-23,2004-10-27,
56,15,6.01,2004-10-27,2005-03-29,
56,15,6.17,2005-03-29,2006-12-27,
56,117,4.97,2006-12-27,2007-01-12,
56,78,6.388962,2007-07-31,2007-08-31,COMUNES
56,78,5.976,2007-08-31,2007-09-30,COMUNES
56,78,7.35,2007-09-30,2007-10-31,COMUNES
56,78,7.444,2007-10-31,2007-11-30,COMUNES
56,78,7.312,2007-11-30,2007-12-31,COMUNES
56,78,7.2954,2007-12-31,2008-01-31,COMUNES
56,78,7.29629,2008-01-31,2008-02-29,COMUNES
56,78,7.293664,2008-02-29,2008-03-31,COMUNES
56,78,7.314602,2008-03-31,2008-04-30,COMUNES
56,78,7.316594,2008-04-30,2008-05-31,COMUNES
56,78,7.322708,2008-05-31,2008-06-30,COMUNES
56,78,7.32528,2008-06-30,2008-07-31,COMUNES
56,78,7.323829,2008-07-31,2008-08-30,COMUNES
56,78,7.302535,2008-08-30,2008-09-30,COMUNES
56,78,7.286677,2008-09-30,2008-11-03,COMUNES
56,119,10.141,2005-12-09,2007-07-31,COMUNES
56,119,10.89,2006-12-27,2007-01-12,
57,190,29.4,2016-02-01,2016-12-01,
57,191,29.4,2009-10-09,2016-02-01,
57,186,29.4,2016-12-01,,
57,187,5.62,2006-09-29,2008-10-27,
57,187,29.4,2008-10-28,2009-10-09,COMUNES
57,187,54.2,2017-05-01,,
57,192,55.44,2006-10-24,2008-05-30,
57,192,54.2,2008-06-01,2017-04-30,
57,112,8.32,2006-03-03,2006-10-24,
57,112,6.19,2006-10-24,2008-10-27,
57,106,10.45,2006-03-03,2006-10-24,
57,106,7.82,2006-10-24,2008-10-27,
57,106,6.03,2008-10-28,2015-09-17,COMUNES
57,193,8.29,2006-03-03,2006-10-24,
57,117,5.13,2006-03-03,2006-10-24,
57,78,7.41,2006-10-24,2008-10-27,
57,194,5,2001-06-30,2002-06-30,
58,195,7.5,2007-07-06,2011-03-30,
58,196,99.99,2011-03-30,,
58,197,99.99,2007-01-29,2007-07-06,
58,197,67.5,2007-07-06,2008-11-16,
58,197,7.5,2008-11-17,2008-11-17,
58,198,75,2008-11-17,2011-03-30,
58,198,0.01,2011-03-30,2012-05-07,
58,199,7.5,2007-07-06,2011-03-30,
58,200,7.5,2007-07-06,2008-11-17,
58,201,7.5,2007-07-06,2011-03-30,
58,202,2.5,2007-07-06,2007-07-06,
58,202,0.01,2012-05-07,,
59,10,6.58,2005-07-27,2005-12-07,
59,10,7.95,2005-12-07,2006-10-27,
59,10,6.87,2006-10-27,2007-01-03,
59,10,6.69,2007-01-03,2007-01-12,
59,10,6.65,2007-01-12,2007-02-09,
59,10,6.6,2007-02-09,2008-04-07,
59,112,5.327,2008-10-29,2009-09-22,
59,112,5.944,2009-09-22,2010-05-11,
59,11,6.58,2005-07-27,2005-12-07,
59,11,9.54,2005-12-07,2006-10-27,
59,11,9.32,2006-10-27,2007-01-03,
59,11,9.13,2007-01-03,2007-02-09,
59,11,9.23,2007-02-09,2008-04-07,
59,106,5.82,2008-04-07,2012-07-12,
59,106,5.65,2012-07-12,2013-09-10,
59,106,7.823,2013-09-10,2016-09-13,
59,203,78.95,2005-07-27,2005-12-07,
59,203,61.73,2005-12-07,2012-07-12,
59,203,61.77,2012-07-12,,
59,14,5.19,2006-10-27,2007-01-03,
59,15,8.91,2007-01-03,2007-01-12,
59,15,8.93,2007-01-12,2007-02-09,
59,117,5.2171,2015-02-18,2016-09-13,
59,78,5.31,2016-08-12,2016-09-13,
59,80,9.02,2007-02-09,2008-04-07,
59,204,5.11,2013-10-04,2015-02-18,
59,205,5.01,2011-01-14,2012-07-12,
59,205,5.09,2012-07-12,2013-09-10,
59,205,5.106,2013-09-10,2013-10-01,
60,45,8.77,2005-02-21,2005-05-13,
60,45,10.91,2005-05-13,2005-06-02,
60,45,10.85,2005-06-02,2005-09-07,
60,45,10.89,2005-09-07,2007-01-19,
60,45,10.85,2007-01-19,2015-07-06,
60,206,13.564272,2015-07-06,2016-10-04,
60,206,19.11,2016-10-04,,
60,207,90.92,2005-02-21,2005-05-13,
60,207,88.28,2005-05-13,2005-06-02,
60,207,87.8,2005-06-02,2005-09-07,
60,207,88.07,2005-09-07,2007-01-19,
60,207,87.8,2007-01-19,2015-07-06,
60,207,80.645944,2015-07-06,,
61,208,1,2011-07-08,2011-10-06,
61,209,99,2011-07-08,2011-10-06,
61,209,29,2011-10-06,2011-12-28,
61,209,24.27,2011-12-29,2012-08-23,
61,210,24.27,2012-08-23,2012-10-25,
61,210,30,2012-10-26,2013-03-06,
61,210,30,2013-03-06,,UNICA
61,211,30,2013-03-06,,UNICA
61,124,71,2011-10-06,2011-12-28,
61,124,75.73,2011-12-29,2012-10-25,
61,124,70,2012-10-26,2013-03-06,
61,124,40,2013-03-06,,UNICA
62,212,5.01,2016-07-31,2016-11-30,
62,213,8.08,2003-01-31,2004-05-14,
62,146,5.01,2005-09-15,2005-10-07,
62,214,5.24,2013-07-16,2013-08-12,
62,214,6.01,2013-08-12,2013-09-03,
62,214,6.48,2013-09-03,2013-09-06,
62,214,6.52,2013-09-06,2013-10-07,
62,214,6.77,2013-10-07,2014-03-10,
62,214,6.95,2014-03-10,2014-04-02,
62,214,7.15,2014-04-02,2014-05-09,
62,214,7.25,2014-05-09,2014-06-10,
62,214,7.49,2014-06-10,2014-07-07,
62,214,8.4,2014-07-07,2015-05-11,
62,214,7.58,2015-05-11,2015-06-05,
62,214,7.41,2015-06-05,2015-07-07,
62,214,7.31,2015-07-07,2015-08-11,
62,214,7.3,2015-08-11,2015-11-06,
62,214,7.14,2015-11-06,2015-12-07,
62,214,6.81,2015-12-07,2016-01-11,
62,214,6.07,2016-01-11,2016-02-08,
62,214,5.95,2016-02-08,2016-03-09,
62,214,5.75,2016-03-09,2016-04-08,
62,214,5.68,2016-04-08,2016-04-08,
62,214,5.82,2016-06-30,2016-07-31,
62,214,5.8,2016-07-31,2016-11-30,
62,214,5.82,2016-11-30,2016-12-31,
62,214,4.94,2016-12-31,2017-02-28,
62,214,5.94,2017-02-28,2017-03-31,
62,214,5.86,2017-03-31,2017-04-28,
62,214,5.76,2017-04-28,2017-05-31,
62,214,5.74,2017-05-31,2017-06-30,
62,214,5.7036,2017-06-30,,
62,10,6.4,2004-05-14,2004-10-28,
62,10,8.79,2004-10-28,2005-11-25,
62,10,8.71,2005-11-25,2005-12-14,
62,111,6.27,2010-05-10,2010-07-08,
62,111,5.96,2010-07-08,2010-08-09,
62,111,5.56,2010-08-09,2010-08-31,
62,111,5.66,2010-11-10,2010-11-25,
62,111,5.68,2010-11-25,2011-01-10,
62,111,5.64,2011-01-10,2011-02-09,
62,112,8,2005-12-13,2006-12-28,
62,112,8.79,2005-12-14,2006-05-29,
62,112,8.95,2006-05-29,2006-07-13,
62,112,9.17,2006-07-13,2006-08-17,
62,112,9.33,2006-08-17,2006-09-19,
62,112,9.23,2006-09-19,2006-10-16,
62,112,8.94,2006-10-16,2006-11-06,
62,112,8.83,2006-11-06,2006-11-14,
62,112,8.62,2006-11-14,2006-12-07,
62,112,8.09,2006-12-07,2006-12-21,
62,112,8.49,2006-12-28,2007-01-05,
62,112,8.47,2007-01-05,2007-01-15,
62,112,7.41,2007-01-15,2007-04-30,
62,112,6.8,2007-04-30,2007-05-31,
62,112,6.54,2007-05-31,2007-07-06,
62,112,6.15,2007-07-06,2007-07-17,
62,112,5.95,2007-07-17,2007-08-08,
62,112,6.1,2007-08-08,2007-08-15,
62,112,5.98,2007-08-15,2007-09-12,
62,112,6.08,2007-09-12,2007-09-13,
62,112,6.05,2007-09-13,2007-09-30,
62,112,6.12,2007-09-30,2007-11-12,
62,112,6.05,2007-11-12,2007-12-03,
62,112,6.31,2007-12-03,2007-12-31,
62,112,6.31,2008-01-01,2008-01-24,
62,112,6.34,2008-01-24,2008-02-07,
62,112,6.58,2008-02-07,2008-03-10,
62,112,6.64,2008-03-10,2008-04-09,
62,112,7.58,2008-04-09,2008-05-08,
62,112,7.59,2008-05-08,2008-07-07,
62,112,7.6,2008-07-07,2008-10-09,
62,112,7.63,2008-10-09,2008-12-05,
62,112,7.64,2008-12-05,2009-01-13,
62,112,7.65,2009-01-13,2009-02-13,
62,112,7.7,2009-02-13,2009-04-13,
62,112,7.19,2009-04-13,2009-05-12,
62,112,6.46,2009-05-12,2009-06-10,
62,112,6.42,2009-06-10,2009-07-13,
62,112,6.41,2009-07-13,2009-08-11,
62,112,6.39,2009-08-11,2009-09-09,
62,112,6.43,2009-09-09,2009-10-14,
62,112,6.46,2009-10-14,2009-11-09,
62,112,6.47,2009-11-09,2009-12-10,
62,112,6.17,2009-12-10,2009-12-31,
62,112,6.57,2009-12-31,2010-02-08,
62,112,6.54,2010-02-08,2010-04-12,
62,112,6.43,2010-04-12,2010-05-10,
62,112,5.37,2010-08-31,2010-10-12,
62,112,5.44,2010-10-12,2010-11-10,
62,112,5.42,2011-02-09,2011-03-08,
62,73,5.2,2000-06-30,2002-09-30,
62,215,6.4,2004-05-17,2004-10-28,
62,215,6.46,2004-10-28,2010-11-25,
62,215,5.33,2010-11-25,2010-11-26,
62,11,13.15,2004-10-28,2005-11-25,
62,11,13.11,2005-11-25,2005-12-14,
62,113,6.36,2014-01-08,2014-04-08,
62,113,5.63,2014-05-09,2014-08-07,
62,113,5.29,2014-08-07,2014-09-08,
62,113,5.04,2014-10-07,2014-11-10,
62,113,5.02,2016-06-30,2016-07-31,
62,113,5.03,2016-11-30,2016-12-31,
62,113,5.12,2016-12-31,2017-01-31,
62,113,5.1,2017-01-31,2017-03-31,
62,113,5.08,2017-03-31,2017-04-28,
62,113,5.08,2017-04-28,2017-05-31,
62,113,5.065,2017-06-30,,
62,216,6.35,2011-01-10,2011-05-10,
62,216,7.17,2011-05-10,2011-06-08,
62,216,7.36,2011-09-07,2011-10-10,
62,216,7.45,2011-10-10,2011-11-10,
62,216,7.36,2011-11-10,2011-12-09,
62,216,7.28,2011-12-09,2012-06-08,
62,216,7.3,2012-06-08,2013-01-10,
62,216,7.14,2013-01-10,2013-03-08,
62,216,6.37,2013-03-08,2013-04-05,
62,216,6.03,2013-04-05,2013-05-10,
62,216,5.86,2013-05-10,2013-06-10,
62,216,5.75,2013-06-10,2013-06-25,
62,216,5.16,2013-06-25,2013-07-04,
62,216,5.66,2013-09-03,2013-10-07,
62,216,5.1,2013-10-07,2013-11-12,
62,106,6.99,2005-12-13,2006-12-28,
62,106,12.09,2005-12-14,2006-04-21,
62,106,12.16,2006-04-21,2006-05-02,
62,106,12.16,2006-05-03,2006-05-29,
62,106,11.3,2006-05-29,2006-07-13,
62,106,10.4,2006-07-13,2006-08-17,
62,106,10.32,2006-08-17,2006-09-19,
62,106,10.11,2006-09-19,2006-09-29,
62,106,9.96,2006-09-29,2006-10-16,
62,106,8.97,2006-10-16,2006-11-06,
62,106,8.36,2006-11-06,2006-11-14,
62,106,7.74,2006-11-14,2006-12-07,
62,106,7.15,2006-12-07,2006-12-21,
62,106,6.96,2006-12-28,2007-01-15,
62,106,6.02,2007-01-15,2007-04-30,
62,106,5.62,2007-04-30,2007-05-31,
62,106,5.67,2007-05-31,2007-07-06,
62,106,5.32,2007-07-06,2007-07-17,
62,106,5.12,2007-07-17,2007-08-08,
62,106,5.09,2007-08-08,2007-08-15,
62,106,5,2007-08-15,2007-09-13,
62,106,6.31,2014-04-08,2014-05-09,
62,106,5.14,2014-09-08,2014-10-07,
62,106,5.06,2017-05-31,2017-06-30,
62,217,5.54,2007-05-31,2007-07-06,
62,217,5.84,2007-07-06,2007-07-17,
62,217,6.04,2007-07-17,2007-08-15,
62,217,6.13,2007-08-15,2007-09-13,
62,217,6.22,2007-09-13,2007-11-12,
62,217,6.26,2007-11-12,2007-12-03,
62,217,6.29,2007-12-03,2007-12-31,
62,217,6.32,2008-01-01,2008-01-14,
62,217,6.34,2008-01-14,2008-03-10,
62,217,6.37,2008-03-10,2008-04-09,
62,217,6.39,2008-04-09,2008-05-08,
62,217,6.5,2008-05-08,2009-08-11,
62,217,6.48,2009-08-11,2009-09-09,
62,217,6.45,2009-09-09,2010-02-08,
62,217,6.41,2010-02-08,2010-04-12,
62,217,6.37,2010-04-12,2011-01-10,
62,217,7.16,2011-06-08,2011-07-08,
62,217,7.17,2011-07-08,2011-08-09,
62,217,7.17,2011-08-09,2011-09-07,
62,218,13.7,2004-05-17,2004-10-28,
62,219,10.8,2004-05-17,2004-10-28,
62,219,11.08,2004-10-28,2005-09-15,
62,220,10.04,2005-09-05,2006-12-28,
62,220,7.27,2005-09-16,2005-11-25,
62,220,9.53,2005-11-25,2006-01-23,2006001721
62,220,9.78,2006-01-23,2006-05-02,
62,220,9.58,2006-05-03,2006-05-29,
62,220,9.78,2006-05-29,2006-07-13,
62,220,9.63,2006-07-13,2006-09-29,
62,220,9.79,2006-09-29,2006-10-16,
62,220,9.92,2006-10-16,2006-11-21,
62,220,10.05,2006-11-21,2006-12-07,
62,220,10.06,2006-12-07,2006-12-21,
62,220,10.01,2006-12-28,2007-01-05,
62,220,10,2007-01-05,2007-01-31,
62,220,9.6,2007-01-31,2007-04-30,
62,220,9.67,2007-04-30,2007-05-31,
62,220,9.75,2007-05-31,2007-07-06,
62,220,9.8,2007-07-06,2007-07-17,
62,220,9.72,2007-07-17,2007-11-12,
62,220,9.71,2007-11-12,2007-12-03,
62,220,9.76,2007-12-03,2007-12-31,
62,220,9.78,2008-01-01,2008-01-14,
62,220,10.94,2008-01-14,2008-01-16,
62,220,10.35,2008-01-16,2008-01-18,
62,220,10.29,2008-01-18,2008-01-21,
62,220,10.23,2008-01-21,2008-01-24,
62,220,9.54,2008-01-24,2008-02-07,
62,220,9.46,2008-02-07,2008-03-10,
62,220,9.45,2008-03-10,2008-04-09,
62,220,9.32,2008-04-09,2008-05-08,
62,220,9.17,2008-05-08,2008-06-06,
62,220,9.19,2008-06-06,2008-07-07,
62,220,8.87,2008-07-07,2008-08-11,
62,220,9.26,2008-08-11,2008-09-03,
62,220,9.35,2008-09-03,2008-10-09,
62,220,9.34,2008-10-09,2008-12-05,
62,220,9.49,2008-12-05,2009-01-13,
62,220,9.47,2009-01-13,2009-02-13,
62,220,9.46,2009-02-13,2009-04-13,
62,220,9.58,2009-04-13,2009-05-12,
62,220,9.45,2009-05-12,2009-06-10,
62,220,9.41,2009-06-10,2009-07-13,
62,220,9.39,2009-07-13,2009-08-11,
62,220,9.44,2009-08-11,2009-09-09,
62,220,9.22,2009-09-09,2009-10-14,
62,220,9.05,2009-10-14,2009-11-09,
62,220,9.25,2009-11-09,2009-12-10,
62,220,9.52,2009-12-10,2010-02-08,
62,220,9.15,2010-02-08,2010-03-08,
62,220,9.12,2010-03-08,2010-04-12,
62,220,9.13,2010-04-12,2010-05-10,
62,220,9.21,2010-05-10,2010-06-08,
62,220,9.2,2010-06-08,2010-07-08,
62,220,9.09,2010-07-08,2010-08-09,
62,220,9.05,2010-08-09,2010-08-31,
62,220,9.32,2010-08-31,2010-10-12,
62,220,8.54,2010-10-12,2010-11-10,
62,220,8.46,2010-11-10,2010-11-25,
62,220,8.73,2010-11-25,2010-11-26,
62,220,8.79,2010-11-26,2010-12-09,
62,220,8.82,2010-12-09,2011-01-10,
62,220,8.81,2011-01-10,2011-02-09,
62,220,8.03,2011-02-09,2011-03-08,
62,220,7.94,2011-03-08,2011-04-08,
62,220,8.13,2011-04-08,2011-05-10,
62,220,7.42,2011-05-10,2011-06-08,
62,220,7.75,2011-06-08,2011-08-09,
62,220,8.2,2011-08-09,2011-09-07,
62,220,7.89,2011-09-07,2011-10-10,
62,220,8.85,2011-10-10,2011-11-10,
62,220,8.88,2011-11-10,2011-12-09,
62,220,8.89,2011-12-09,2012-01-09,
62,220,9.57,2012-01-09,2012-02-09,
62,220,7.81,2012-02-09,2012-03-08,
62,220,7.44,2012-03-08,2012-04-10,
62,220,8.09,2012-04-10,2012-05-09,
62,220,8.04,2012-05-09,2012-06-08,
62,220,8.14,2012-06-08,2012-07-10,
62,220,8.58,2012-07-10,2012-08-09,
62,220,8.37,2012-08-09,2012-09-06,
62,220,8.44,2012-09-06,2012-10-10,
62,220,8.32,2012-10-10,2012-11-09,
62,220,8.23,2012-11-09,2012-12-10,
62,220,8.24,2012-12-10,2013-01-10,
62,220,8.43,2013-01-10,2013-02-13,
62,220,8.25,2013-02-13,2013-03-08,
62,220,9.07,2013-03-08,2013-04-05,
62,220,8.19,2013-04-05,2013-05-10,
62,220,8.41,2013-05-10,2013-06-10,
62,220,8.16,2013-06-10,2013-06-25,
62,220,8.16,2013-06-25,2013-07-04,
62,220,8.1,2013-07-04,2013-07-16,
62,220,8.17,2013-07-16,2013-08-12,
62,220,8.11,2013-08-12,2013-09-03,
62,220,8.07,2013-09-03,2013-10-07,
62,220,8.13,2013-10-07,2013-11-12,
62,220,8.33,2013-11-12,2013-12-10,
62,220,8.11,2013-12-10,2014-01-08,
62,220,8.12,2014-01-08,2014-02-10,
62,220,8.11,2014-02-10,2014-03-10,
62,220,8.15,2014-03-10,2014-04-02,
62,220,8.35,2014-04-02,2014-05-09,
62,220,8.2,2014-05-09,2014-06-10,
62,220,8.51,2014-06-10,2014-07-07,
62,220,8.17,2014-07-07,2014-08-07,
62,220,8.23,2014-08-07,2014-09-08,
62,220,8.32,2014-09-08,2014-11-10,
62,220,8.34,2014-11-10,2014-12-10,
62,220,8.33,2014-12-10,2015-02-09,
62,220,8.59,2015-02-09,2015-03-09,
62,220,8.6,2015-03-09,2015-04-13,
62,220,8.53,2015-04-13,2015-05-11,
62,220,8.68,2015-05-11,2015-06-05,
62,220,8.6,2015-06-05,2015-08-11,
62,220,8.75,2015-08-11,2015-09-08,
62,220,8.69,2015-09-08,2015-10-07,
62,220,8.85,2015-10-07,2015-11-06,
62,220,8.83,2015-11-06,2015-12-07,
62,220,8.87,2015-12-07,2016-01-11,
62,220,8.82,2016-01-11,2016-02-08,
62,220,8.93,2016-02-08,2016-03-09,
62,220,8.84,2016-03-09,2016-04-08,
62,220,8.81,2016-04-08,2016-04-08,
62,220,8.96,2016-06-30,2016-07-31,
62,220,8.95,2016-07-31,2016-07-31,
62,220,8.93,2016-08-31,2016-09-30,
62,220,8.84,2016-09-30,2016-11-30,
62,220,8.87,2016-11-30,2016-12-31,
62,220,8.5,2016-12-31,2017-03-31,
62,220,8.46,2017-03-31,2017-05-31,
62,220,7.89,2017-05-31,2017-06-30,
62,220,7.2216,2017-06-30,,
62,14,9.2,2002-09-30,2004-10-28,
62,14,10.87,2004-10-28,2005-12-14,
62,193,10.71,2005-12-14,2006-01-23,
62,193,10.58,2006-01-23,2006-05-02,2006012416
62,193,10.62,2006-05-03,2006-05-29,
62,193,10.01,2006-05-29,2006-07-19,
62,193,10.03,2006-07-13,2006-09-29,
62,193,10.22,2006-09-29,2006-10-16,
62,193,10.19,2006-10-16,2006-11-06,
62,193,9.81,2006-11-06,2006-11-14,
62,193,9.76,2006-11-14,2006-12-07,
62,221,5.26,2014-04-02,2014-04-08,
62,221,5.35,2014-04-08,2014-05-09,
62,221,5.62,2014-05-09,2014-06-10,
62,221,5.31,2014-06-10,2014-07-07,
62,221,5.29,2014-07-07,2014-08-07,
62,221,5.28,2014-08-07,2014-09-08,
62,221,5.36,2014-09-08,2014-10-07,
62,221,5.48,2014-10-07,2014-11-10,
62,221,5.81,2014-11-10,2015-01-09,
62,221,5.83,2015-01-09,2015-02-09,
62,221,6.12,2015-02-09,2015-03-09,
62,221,6.15,2015-03-09,2015-04-13,
62,221,6.33,2015-04-13,2015-05-11,
62,221,6.59,2015-05-11,2015-06-05,
62,221,6.83,2015-06-05,2015-07-07,
62,221,6.87,2015-07-07,2015-08-11,
62,221,7.06,2015-08-11,2015-09-08,
62,221,7.26,2015-09-08,2015-11-06,
62,221,7.33,2015-11-06,2015-12-07,
62,221,7.5,2015-12-07,2016-02-08,
62,221,7.63,2016-02-08,2016-03-09,
62,221,7.708,2016-03-09,2016-05-10,
62,221,7.7237,2016-05-10,2016-05-10,
62,221,8.03,2016-06-30,2016-07-31,
62,221,8.1,2016-07-31,2016-08-31,
62,221,8.11,2016-08-31,2016-09-30,
62,221,8.02,2016-09-30,2016-09-30,
62,221,7.89,2016-10-31,2016-11-30,
62,221,7.92,2016-11-30,2016-12-31,
62,221,8.1,2016-12-31,2017-01-31,
62,221,7.65,2017-01-31,2017-02-28,
62,221,7.18,2017-02-28,2017-03-31,
62,221,6.94,2017-03-31,2017-04-28,
62,221,6.84,2017-04-28,2017-05-31,
62,221,6.84,2017-05-31,2017-06-30,
62,221,6.8573,2017-06-30,,
62,15,6.47,2004-10-28,2005-12-14,
62,222,5.21,2010-04-12,2010-06-08,
62,117,6.04,2005-12-14,2006-07-19,
62,117,6,2006-07-13,2006-09-19,
62,117,6.04,2006-09-19,2006-09-29,
62,117,5.95,2006-09-29,2006-10-16,
62,117,6.1,2006-10-16,2006-11-06,
62,117,6.27,2006-11-06,2006-11-14,
62,117,6.25,2006-11-14,2006-12-21,
62,117,6.18,2006-12-26,2007-01-16,
62,117,5.87,2007-01-16,2007-04-30,
62,117,5.01,2007-04-30,2007-05-31,
62,117,5.09,2009-04-13,2009-05-12,
62,117,5.38,2009-05-12,2009-06-10,
62,117,5.44,2009-06-10,2009-08-11,
62,117,5.4,2009-08-11,2009-09-09,
62,117,5.36,2009-09-09,2009-10-14,
62,117,5.18,2009-10-14,2009-11-09,
62,117,5.2,2009-11-09,2009-12-10,
62,117,5.41,2009-12-10,2009-12-31,
62,117,5.31,2009-12-31,2010-02-08,
62,117,5.21,2010-02-08,2010-04-12,
62,117,5.22,2010-06-08,2010-07-08,
62,117,5.11,2010-07-08,2010-08-09,
62,16,7.2,2016-07-31,2016-09-30,
62,78,5.18,2014-06-10,2014-07-07,
62,78,5.83,2014-08-07,2014-09-08,
62,78,5.95,2014-09-08,2014-10-07,
62,78,6.01,2014-10-07,2014-11-10,
62,78,6.22,2014-11-10,2014-12-10,
62,78,6.41,2014-12-10,2015-01-09,
62,78,6.74,2015-01-09,2015-02-09,
62,78,6.86,2015-02-09,2015-03-09,
62,78,6.95,2015-03-09,2015-05-11,
62,78,7.04,2015-05-11,2015-06-05,
62,78,7.04,2015-06-05,2016-03-09,
62,78,7.09,2016-04-08,2016-04-08,
62,78,7.22,2016-06-30,2016-07-31,
62,78,7.18,2016-09-30,2016-09-30,
62,78,7.24,2016-10-31,2016-11-30,
62,78,7.27,2016-11-30,2016-12-31,
62,78,7.41,2016-12-31,2017-03-31,
62,78,7.38,2017-03-31,2017-05-31,
62,78,7.35,2017-05-31,2017-06-30,
62,79,8.25,2008-04-09,2008-05-08,
62,79,8.24,2008-05-08,2008-07-07,
62,79,8.04,2010-04-12,2010-08-31,
62,79,7.75,2010-11-26,2010-12-09,
62,79,7.67,2011-01-10,2011-02-09,
62,79,7.97,2011-09-07,2011-11-10,
62,79,7.96,2011-11-10,2012-01-09,
62,79,7.95,2012-01-09,2012-02-09,
62,79,7.94,2012-02-09,2012-04-10,
62,79,7.93,2012-04-10,2012-05-09,
62,79,7.76,2012-05-09,2012-06-08,
62,79,7.81,2012-06-08,2012-07-10,
62,79,7.5,2012-07-10,2012-08-09,
62,79,7.48,2012-10-10,2013-03-08,
62,79,7.11,2013-03-08,2013-04-05,
62,79,6.97,2013-04-05,2013-05-10,
62,79,5.05,2013-06-10,2013-06-25,
62,118,6.03,2006-01-16,2007-04-30,
62,118,6.51,2007-04-30,2007-05-31,
62,118,6.93,2007-05-31,2007-07-06,
62,118,7.51,2007-07-06,2007-07-17,
62,118,7.91,2007-07-17,2007-08-15,
62,118,8.18,2007-08-15,2007-09-13,
62,118,8.25,2007-09-13,2007-11-12,
62,118,8.28,2007-11-12,2007-12-03,
62,118,8.35,2007-12-03,2007-12-31,
62,118,8.32,2008-01-01,2008-01-14,
62,118,8.31,2008-01-14,2008-03-10,
62,118,8.33,2008-03-10,2008-04-09,
62,118,8.22,2008-07-07,2008-08-11,
62,118,8.23,2008-08-11,2008-09-03,
62,118,8.22,2008-09-03,2008-10-09,
62,118,8.21,2008-10-09,2008-12-05,
62,118,8.17,2008-12-05,2009-01-13,
62,118,8.15,2009-01-13,2009-04-13,
62,118,8.13,2009-04-13,2009-06-10,
62,118,8.12,2009-06-10,2009-08-11,
62,118,8.11,2009-08-11,2009-09-09,
62,118,8.08,2009-09-09,2009-10-14,
62,118,8.09,2009-10-14,2009-12-31,
62,118,8.1,2009-12-31,2010-02-08,
62,118,8.06,2010-02-08,2010-04-12,
62,118,8.03,2010-08-31,2010-11-10,
62,118,7.85,2010-11-10,2010-11-25,
62,118,7.78,2010-11-25,2010-11-26,
62,118,7.74,2010-12-09,2011-01-10,
62,118,7.68,2011-02-09,2011-04-08,
62,118,7.69,2011-04-08,2011-05-10,
62,118,8.11,2011-05-10,2011-07-08,
62,118,8.06,2011-07-08,2011-08-09,
62,118,7.98,2011-08-09,2011-09-07,
62,118,7.49,2012-08-09,2012-10-10,
62,118,6.37,2013-05-10,2013-06-10,
62,119,11.17,2005-12-13,2007-01-15,
62,119,11.38,2006-12-07,2006-12-21,
62,119,11.08,2007-01-15,2007-01-16,
62,119,10.11,2007-01-16,2007-04-30,
62,119,7.7,2007-04-30,2007-05-31,
62,119,6.39,2007-05-31,2007-07-06,
62,119,7.51,2007-07-06,2007-07-06,
62,119,5.66,2014-07-07,2014-08-07,
62,119,7.06,2016-03-09,2016-04-08,
62,119,7.3574,2017-06-30,,
62,223,5.09,2000-12-31,2002-08-31,
64,224,98.81,2007-11-30,2008-09-24,
64,224,96.28,2008-09-24,2009-12-04,
64,224,80.83,2009-12-04,2013-05-01,
64,224,64.55,2013-05-01,2017-05-31,
64,224,72.28,2017-05-31,2017-06-26,
64,56,16.4,2009-12-04,2013-05-01,
64,56,13.09,2013-05-01,2017-06-26,
64,56,13.1,2017-06-26,,
65,225,50,2004-04-07,2012-12-27,
65,226,51,2012-12-28,2016-03-15,
65,226,100,2016-03-15,2016-03-31,
65,226,99.999998,2016-03-31,,
65,227,49,2012-12-28,2016-03-15,
65,201,50,2004-04-07,2012-12-27,
66,228,99.99,2010-01-29,2010-10-04,
66,228,96,2010-10-04,,
67,71,100,2013-01-17,,
68,229,60,2007-06-28,,
68,230,14.29,2005-07-27,2007-05-28,
68,230,14.2856,2007-05-28,2007-06-21,
68,230,14.2839,2007-06-21,2007-06-22,
68,230,14.2856,2007-06-22,2007-06-28,
68,203,85.71,2007-03-22,2007-05-28,
68,203,85.7143,2007-05-28,2007-06-21,
68,203,85.7161,2007-06-21,2007-06-22,
68,203,85.7143,2007-06-22,2007-06-28,
68,231,40,2007-06-28,,
69,232,42.51,2008-02-29,2008-04-02,COMUNES
69,233,33.04,2008-02-29,2008-04-02,COMUNES
69,233,75.55,2008-04-02,,COMUN
69,234,6.32,2000-01-05,2002-08-31,
69,234,8.84,2003-11-04,,
69,152,17.68,2001-11-15,2001-11-15,
69,152,17.68,2002-08-31,2003-11-04,
69,153,5.3,2002-11-30,2003-11-04,
69,235,7.85,2003-11-04,2005-11-08,
69,235,11.22,2005-11-08,,
70,236,6.32,2006-11-13,2007-10-11,
70,236,6.09,2007-10-11,2010-09-30,
70,236,6.051628,2010-09-30,2013-10-07,
70,236,5.11857,2013-10-07,,
70,237,5.59,2004-01-31,2004-09-09,
70,237,5.58,2005-06-28,2006-05-09,
70,237,5.29,2006-05-09,2006-06-01,
70,237,5.12,2006-06-01,2006-11-13,
70,238,2.891851,2010-10-31,2011-01-31,
70,238,2.325835,2011-01-31,2011-03-11,
70,238,1.57,2011-03-11,2011-07-14,
70,238,2.89,2011-07-14,2011-08-11,
70,238,1.57,2011-08-11,2011-09-14,
70,238,0.83,2011-09-14,2011-10-13,
70,239,5.01,2009-12-31,2010-10-31,
70,240,21.05,2009-12-31,2013-10-07,
70,240,17.8737,2013-10-07,2013-11-15,
70,240,17.8073,2013-11-15,,
70,241,21.09,2005-06-28,2009-12-31,
70,242,16.34,2004-09-09,2005-06-28,
70,111,5.34,2008-12-31,2009-12-31,
70,111,5.212632,2010-02-28,2010-03-31,
70,112,4.93,2006-11-13,2006-11-13,
70,112,6.294462,2009-12-31,2010-01-31,
70,112,6.265445,2010-01-31,2010-02-28,
70,11,7.08,2005-06-28,2006-06-01,
70,11,5.05,2006-06-01,2006-11-13,
70,113,5.122,2008-12-31,2009-12-31,
70,113,6.880924,2013-09-09,2013-10-07,
70,216,6.27,2008-12-31,2009-12-31,
70,106,5.69,2006-11-13,2007-02-15,
70,106,4.68,2007-03-19,2007-03-19,
70,106,5.82,2013-10-07,2013-11-15,
70,217,6.298062,2009-12-31,2010-01-31,
70,217,6.263232,2010-01-31,2010-03-31,
70,217,6.234215,2010-03-31,2010-12-31,
70,217,6.220531,2010-12-31,2011-05-13,
70,217,6.18,2011-05-13,2011-07-14,
70,217,6.22,2011-07-14,2011-08-11,
70,217,6.16,2011-08-11,2012-06-08,
70,217,6.1804,2012-06-08,2012-08-14,
70,217,6.18,2012-08-14,2012-11-14,
70,217,6.1651,2012-11-14,2013-01-14,
70,217,6.067669,2013-01-14,2013-06-11,
70,217,6.028668,2013-06-11,2013-09-09,
70,217,8.165759,2013-09-09,2013-10-07,
70,217,6.9673,2013-10-07,2013-11-15,
70,76,22.2622,2013-10-07,2013-10-14,
70,76,22.2614,2013-10-14,2013-10-15,
70,76,22.2622,2013-10-15,2013-11-15,
70,76,30.1245,2013-11-15,2013-12-12,
70,76,30.4171,2013-12-12,2014-01-15,
70,76,40.3793,2014-01-15,2014-02-14,
70,76,40.18,2014-02-14,2014-03-04,
70,76,39.87,2014-03-04,2014-04-15,
70,76,39.42,2014-04-15,2014-05-13,
70,76,39.12,2014-05-13,2014-06-10,
70,76,39.238,2014-06-10,2014-07-07,
70,76,39.528,2014-07-07,2014-08-14,
70,76,39.807,2014-08-14,2014-09-15,
70,76,39.28,2014-09-15,2014-10-15,
70,76,38.95,2014-10-15,2014-11-14,
70,76,39.08,2014-11-14,2014-12-15,
70,76,38.74,2014-12-15,2015-01-12,
70,76,38.46,2015-01-12,2015-02-16,
70,76,38.36,2015-02-16,2015-03-16,
70,76,38.26,2015-03-16,2015-04-13,
70,76,38.3,2015-04-13,2015-05-14,
70,76,38.325,2015-05-14,2015-06-15,
70,76,38.21,2015-06-15,2015-07-14,
70,76,39.09,2015-07-14,2015-08-14,
70,76,38.13,2015-08-14,2015-09-15,
70,76,38.18,2015-09-15,2015-10-14,
70,76,38.25,2015-10-14,2015-11-13,
70,76,38.44,2015-11-13,2015-12-15,
70,76,38.55,2015-12-15,2016-01-14,
70,76,38.03,2016-01-14,2016-02-15,
70,76,37.97,2016-02-15,2016-03-14,
70,76,38.36,2016-03-14,2016-04-14,
70,76,38,2016-04-14,2016-05-13,
70,76,38.94,2016-05-13,2016-06-07,
70,76,38.91,2016-06-07,2016-07-15,
70,76,38.97,2016-07-15,2016-08-10,
70,76,38.95,2016-08-10,2016-09-12,
70,76,40.4,2016-09-12,2016-10-14,
70,76,40.2,2016-10-14,2016-11-14,
70,76,40.05,2016-11-14,2016-12-14,
70,76,40.04,2016-12-14,2017-01-13,
70,76,40.17,2017-01-13,2017-02-13,
70,76,40.65,2017-02-13,2017-03-14,
70,76,40.26,2017-03-14,2017-04-17,
70,76,40.03,2017-04-17,2017-05-15,
70,76,39.66,2017-05-15,2017-06-14,
70,243,6.34,2005-06-28,2006-06-01,
70,15,5.3,2005-06-28,2006-11-13,
70,79,6.71,2008-12-31,2009-12-31,
70,79,7.071589,2010-11-30,2010-12-31,
70,79,7.07,2011-12-14,2012-02-14,
70,79,7.049,2012-04-11,2012-05-14,
70,79,7.0986,2012-11-14,2013-06-11,
70,79,7.080737,2013-06-11,2013-09-09,
70,79,7.101647,2013-09-09,2013-10-07,
70,118,7.04,2009-12-31,2010-02-28,
70,118,7.039107,2010-02-28,2010-03-31,
70,118,7.062719,2010-03-31,2010-04-30,
70,118,7.068279,2010-04-30,2010-06-30,
70,118,7.0876,2010-06-30,2010-07-31,
70,118,7.08722,2010-07-31,2010-08-31,
70,118,7.080116,2010-08-31,2010-09-30,
70,118,7.077668,2010-09-30,2010-10-31,
70,118,7.072015,2010-10-31,2010-11-30,
70,118,7.082533,2010-12-31,2011-01-31,
70,118,7.107659,2011-01-31,2011-03-11,
70,118,7.13,2011-03-11,2011-04-13,
70,118,7.16,2011-04-13,2011-05-13,
70,118,7.2,2011-05-13,2011-07-14,
70,118,7.08,2011-07-14,2011-08-11,
70,118,7.09,2011-08-11,2011-11-14,
70,118,7.08,2011-11-14,2011-12-14,
70,118,7.06,2012-02-14,2012-04-11,
70,118,7.05,2012-05-14,2012-06-08,
70,118,7.1299,2012-06-08,2012-08-14,
70,118,7.125,2012-08-14,2012-09-07,
70,118,7.1169,2012-09-07,2012-10-12,
70,118,7.11135,2012-10-12,2012-11-14,
70,118,5.82,2013-10-07,2013-11-15,
70,118,6.0066,2013-11-15,2013-12-12,
70,118,5.9891,2013-12-12,2014-01-15,
70,194,14.55,2000-12-31,2005-02-01,
70,194,10.5,2005-02-01,2005-06-28,
70,194,7.04,2005-08-04,2005-08-25,
70,194,5.75,2005-08-25,2005-10-17,
70,244,7.5,2005-06-28,2005-08-04,
70,245,16.34,2004-01-31,2004-09-09,
70,246,14.36,2005-06-28,2006-11-13,
70,246,15.96,2006-11-13,2008-11-27,
70,246,7.06838,2008-11-27,2008-12-31,
70,246,5.88,2008-12-31,2009-12-31,
71,247,11,2006-03-01,2013-05-14,
71,248,11,2006-03-01,2010-10-13,
71,249,11,2006-03-01,2013-05-14,
71,250,11,2006-03-01,2013-05-14,
71,251,11,2006-03-01,2013-05-14,
71,252,11,2006-03-01,2013-05-14,
71,253,11,2006-03-01,2012-06-06,
71,254,11,2006-03-01,2013-05-14,
71,255,11,2012-06-06,2013-05-14,
72,256,25,2011-04-06,,
72,257,75,2011-04-06,,
73,44,99.99,2004-05-13,2005-02-21,
73,44,99.99,2005-06-02,,
73,258,99.99,2005-02-21,2005-06-02,
74,259,6,2009-08-21,2013-01-10,
74,259,5,2015-04-24,,
74,74,4.61,2013-10-07,2014-12-31,
74,260,5.02,2017-05-31,,
74,261,5,2010-11-01,2011-10-03,
74,261,6.17,2011-10-03,2013-01-10,
74,262,59,2007-10-03,2009-10-14,
74,262,53.96,2009-10-14,2013-01-07,
74,262,53.95,2013-01-07,2013-10-07,
74,262,49.69,2013-10-07,2014-12-31,
74,262,54.3,2014-12-31,2017-03-20,
74,262,50.976,2017-03-20,,
74,263,5,2010-09-23,2010-09-24,
74,263,5.17,2010-09-24,2010-10-14,
74,263,5.82,2010-10-14,2011-10-03,
74,263,6.86,2011-10-03,2013-01-10,
74,263,6.59,2013-01-10,2013-10-07,
74,263,6.07,2013-10-07,2016-03-24,
74,263,5.14,2016-03-24,,
74,264,5.027,2015-10-06,2016-02-25,
74,100,5.03,2017-02-10,2017-06-15,
74,100,4.87,2017-06-15,,
74,265,10.81,2013-11-18,2016-05-06,
74,265,9.65,2016-05-06,2016-06-14,
74,266,8.9,2009-08-21,2009-10-08,
74,266,9.06,2009-10-08,2010-03-31,
74,266,10.02,2010-03-31,2010-06-11,
74,266,11.03,2010-06-11,2013-03-20,
74,266,12.01,2013-03-20,2013-10-07,
74,266,11.06,2013-10-07,2013-10-09,
74,266,11.17,2013-10-09,2013-11-18,
74,266,8.88,2016-06-14,2016-10-25,
74,266,7.94,2016-10-25,2016-11-03,
74,266,6.92,2016-11-03,2016-11-11,
74,266,5.85,2016-11-11,,
75,125,3.84,2009-10-16,2012-11-29,
75,125,3.666,2012-11-29,2013-04-15,
75,125,0.001,2013-04-15,,
75,267,96.334,2012-11-29,2013-04-15,
75,126,96.16,2009-10-16,2012-11-29,
75,126,99.999,2013-04-15,,
76,268,60,2002-12-19,2003-11-17,"""A"""
76,268,30,2002-12-19,2003-11-17,"""B"""
76,268,99.8964,2003-11-17,2009-06-08,
76,268,99.9568,2009-06-08,2010-02-08,
76,268,99.96615,2010-02-08,,
77,269,100,2004-09-27,2007-06-18,
77,270,100,2015-01-07,,
77,271,100,2007-06-18,2015-01-07,
78,272,99.99,2006-01-16,2010-06-24,
78,272,99.94,2010-06-24,,
79,273,9.8,2012-08-27,2012-10-03,
79,273,7.84,2012-10-03,2012-10-22,
79,273,7.61,2012-10-22,2012-11-14,
79,273,8.24,2012-11-14,2012-12-14,
79,273,8.3,2012-12-14,2013-02-14,
79,273,8.03,2013-02-14,2013-03-11,
79,273,7.83,2013-03-11,2013-12-16,
79,273,7.84,2013-12-16,2016-04-15,
79,273,8.1,2016-04-15,,
79,59,13.8,2012-08-10,2012-08-27,
79,274,23.28,2012-08-10,2012-08-13,
79,274,71.1478,2012-08-28,2012-08-10,
79,275,74.765,2012-08-13,2012-10-03,
79,275,59.78,2012-10-03,2012-10-22,
79,275,58.04,2012-10-22,,
79,276,8.12,2012-08-10,2012-10-03,
79,276,25.8522,2012-08-28,2012-08-10,
79,276,6.49,2012-10-03,2012-10-22,
79,276,6.3,2012-10-22,,
79,277,51.49,2012-08-10,2012-08-13,
80,278,41.1,2000-11-30,2005-01-27,B
80,278,41.09,2005-01-27,2006-12-26,B
80,278,39.82,2006-12-26,,B
80,279,9.09,2000-11-30,2002-08-31,B
80,280,7.73,2000-11-30,2002-08-31,B
80,280,24.21,2000-11-30,2000-11-30,B
80,280,29.52,2000-11-30,,A Y B
80,281,16.37,2000-11-30,,B
80,281,18.19,2000-11-30,2000-11-30,B
80,282,12.89,2002-08-31,2004-10-14,
80,282,11.78,2004-10-14,2005-01-27,
80,283,12.87,2005-01-27,,A Y B
80,283,11.77,2005-01-27,2005-01-27,
83,284,34.1,2003-09-17,2005-01-27,
83,284,34.07,2005-01-27,2006-09-04,
83,284,32.79,2006-09-04,2007-01-29,
83,58,81.99,2007-01-29,2007-04-03,
83,58,99.99,2007-04-03,,
83,59,51.1,2003-09-17,2005-01-27,
83,59,42.32,2005-01-27,2006-09-04,
83,59,40.73,2006-09-04,2007-01-29,
83,285,14.82,2002-03-04,2003-09-17,
83,285,14.8,2003-09-17,2005-01-27,
83,285,14.81,2005-01-27,2006-09-04,
83,285,14.25,2006-09-04,2007-04-03,
83,286,8.79,2003-09-16,2003-09-17,
83,286,8.78,2005-01-27,2006-09-04,
83,286,8.45,2006-09-04,2007-01-29,
84,213,5.63,2004-01-31,2004-09-07,
84,213,7.39,2004-09-07,2005-05-17,
84,213,7.44,2005-05-17,2005-06-20,
84,213,7.54,2005-10-14,2006-12-22,2006034492
84,213,7.16,2006-12-22,2007-02-02,
84,213,7.22,2007-02-02,2008-12-15,
84,213,10.141,2008-12-15,2009-12-24,ACCS.COMUNES
84,213,10.758,2009-12-24,2009-12-29,
84,213,10.754,2009-12-29,2014-02-19,
84,213,10.7465,2014-02-20,2014-05-09,COMUN
84,213,10.7215,2014-05-09,2014-12-29,COMUN
84,213,10.683884,2014-12-29,2016-01-25,COMUN
84,213,8.61607166,2016-01-25,,COMUN
84,174,11.16,2000-03-31,2004-09-13,
84,174,11.24,2004-09-13,2006-09-22,
84,42,13.435,2009-12-16,2013-12-24,
84,42,11.24,2009-12-16,2009-12-16,
84,42,15.691,2013-12-24,,COMUN
84,287,5.03,2004-10-19,2004-11-23,
84,287,5.08,2004-11-19,2016-01-25,
84,287,5.07,2004-11-23,2006-11-15,
84,43,11.24,2006-05-26,2009-12-16,
84,9,7.08481476,2016-01-25,,COMUN
84,288,5.78,2002-12-23,2014-08-13,
84,288,5.73,2004-01-31,2004-09-13,
84,288,5.77,2004-09-13,2006-11-15,
84,288,5.7996235,2014-08-13,2016-01-25,
84,289,5.71363353,2016-01-25,,COMUN
84,204,5.659176,2015-08-31,2015-09-01,COMUN
84,204,5.676676,2015-09-01,2015-09-14,COMUN
84,204,5.702099,2015-09-14,2015-10-05,COMUN
84,204,6.13697,2015-10-05,2016-01-25,COMUN
84,204,7.28762852,2016-01-25,,COMUN
84,205,5.62,2004-05-19,2015-08-31,
84,205,5.61,2004-09-13,2006-11-15,
84,290,6.56,2004-09-13,2005-05-17,
84,290,6.61,2005-05-17,2005-06-10,
84,290,6.22,2005-06-10,2005-06-20,
84,290,6.64,2005-06-20,2006-11-15,
84,290,6.65,2006-03-31,2010-02-26,
84,290,6.663,2010-02-26,2012-12-31,
85,291,25.1,2012-02-06,,
85,292,74.89,2009-11-05,,
85,293,25.1,2009-11-05,2012-02-06,
86,17,5,2006-09-25,,
86,20,10,2006-09-25,2009-12-29,
86,20,5.01,2009-12-29,,
86,23,10,2006-09-25,,
86,294,65,2006-09-25,,
86,295,5,2006-09-25,,
86,296,5,2006-09-25,,
90,297,18.05,2006-03-01,2006-07-26,
90,298,16.91,2006-07-26,2006-11-02,
90,299,18.06,2006-11-02,2010-04-29,B
90,299,49.982205,2010-04-29,2010-05-04,
90,299,44.79,2010-05-04,2010-09-16,
90,299,49.99,2010-09-16,,
90,300,77.59,2006-03-01,2006-07-26,
90,300,78.68,2006-07-26,2006-11-02,
90,300,79.74,2006-11-02,2010-04-29,A
90,300,47.805595,2010-04-29,2010-05-04,
90,300,53,2010-05-04,2010-09-16,
90,300,48.4,2010-09-16,,
91,301,12.79,2006-09-18,2008-05-12,
91,301,12.85,2008-05-13,2013-12-26,
91,301,16.7347,2013-12-26,2014-12-10,COMUNES
91,301,20.55967905,2014-12-10,,COMUNES
92,302,9.09,2010-10-18,2010-12-06,
92,303,9.09,2010-10-18,2014-06-24,
92,303,9.9998,2014-06-24,2014-06-30,
92,303,10,2016-11-02,,
92,304,9.09,2010-10-18,2014-06-24,
92,304,10.0002,2014-06-24,2015-03-20,
92,304,10.58,2015-03-20,,
92,305,9.09,2010-10-18,2014-06-24,
92,305,9.9998,2014-06-24,2015-03-20,
92,305,7,2015-03-20,2016-10-28,
92,305,4.99,2016-10-28,,
92,306,9.09,2010-10-18,2013-02-12,
92,307,9.09,2010-10-18,2014-06-24,
92,308,9.09,2010-10-18,2014-06-24,
92,308,10.0002,2014-06-24,2015-03-20,
92,308,10.58,2015-03-20,,
92,309,9.0909,2013-02-12,2014-06-24,
92,309,9.9998,2014-06-24,,
92,310,9.09,2010-10-18,2014-06-24,
92,310,9.9998,2014-06-24,,
92,311,9.09,2010-12-06,2014-06-24,
92,311,10.0002,2014-06-24,2015-03-20,
92,311,10.58,2015-03-20,,
92,312,9.09,2010-10-18,2014-06-24,
92,312,9.9998,2014-06-24,2015-03-20,
92,312,10.58,2015-03-20,2016-10-28,
92,312,22.93,2016-10-28,,
92,313,9.09,2010-10-18,2014-06-24,
92,313,9.9998,2014-06-24,2014-06-30,
92,313,19.9996,2014-06-30,2015-03-20,
92,313,20.33,2015-03-20,2016-11-02,
92,313,10.33,2016-11-02,,
92,314,9.09,2010-10-18,2014-06-24,
92,314,9.9998,2014-06-24,2015-03-20,
92,314,10.33,2015-03-20,2016-07-22,
93,315,8.95,2009-03-30,2011-05-01,COMUNES
93,315,40.739506,2011-05-02,2013-03-12,
93,315,43.01,2013-03-12,2014-09-18,
93,316,6.900636,2011-06-15,2013-03-12,
93,316,9.66,2013-03-12,2014-09-18,
93,317,7.230769,2011-06-15,2013-03-12,
93,317,16.03,2013-03-12,2014-09-18,
93,318,8.85,2013-03-12,2014-09-18,
93,319,4.720148,2011-05-02,2013-03-12,
93,319,5.87,2013-03-12,2014-09-18,
93,320,17.9,2007-08-21,2009-03-30,
93,321,8.95,2009-03-30,2013-10-24,COMUN
93,321,6.92,2013-10-24,2014-09-18,
93,322,5.282315,2011-05-02,2012-12-20,
93,323,17.924598,2011-05-02,2011-06-15,
93,324,20.671099,2011-05-02,2012-07-13,
93,325,100,2014-09-18,2014-11-04,
93,325,99.99,2014-11-04,,
94,326,0.32,2012-06-13,2014-07-04,B
94,326,6.01,2012-06-13,2014-07-04,A
94,327,9.36,2004-12-07,2012-06-13,
94,327,8.98,2004-12-20,2006-07-10,A
94,327,9.36,2006-07-10,2007-01-01,
94,327,0.48,2012-06-13,2015-10-08,B
94,327,8.88,2012-06-13,2015-10-07,A
94,174,93.598,2015-10-07,,ACCIONES COMUNES
94,328,57.35,2014-03-21,2014-04-08,A
94,328,3.33,2014-03-21,2014-04-08,B
94,328,58.78,2014-04-08,2014-07-04,A
94,328,3.4,2014-04-08,2014-07-04,B
94,328,76.0176,2014-07-04,2014-07-11,A
94,328,4.3677,2014-07-04,2015-10-07,B
94,328,76.3756,2014-07-11,2014-09-02,A
94,328,77.564,2014-09-02,2015-10-07,A
94,329,57.36,2013-05-23,2014-03-21,A
94,329,3.33,2013-05-23,2014-03-21,B
94,330,63.85,2004-12-20,2006-02-28,A
94,330,67.67,2006-02-28,2006-07-10,
94,330,66.57,2006-07-10,2007-01-01,
94,330,60.07,2007-07-04,2007-07-04,
94,330,60.07,2007-07-04,2012-06-13,
94,330,3.33,2012-06-13,2013-05-23,B
94,330,57.36,2012-06-13,2013-05-23,A
94,43,4.74,2014-04-08,2015-10-07,A
94,43,0.26,2014-04-08,2015-10-08,B
94,285,6.5,2007-07-04,2012-06-13,COMUNES
94,285,6.17,2012-06-13,2014-04-08,A
94,285,0.33,2012-06-13,2014-04-08,B
94,219,5.02,2004-12-20,2006-02-28,A
94,331,5.45,2003-09-04,2012-06-13,COMUNES
94,331,5.22,2004-12-20,2006-07-10,A
94,331,5.45,2006-07-10,2007-01-01,
94,332,5.22,2004-12-20,2006-07-10,A
94,332,5.45,2006-07-10,2007-01-01,
94,333,5.45,2003-09-04,2012-06-13,
95,334,98.13,2004-11-08,,
96,95,43.65,2002-10-04,,
96,335,5,2002-10-04,,
96,336,51.35,2002-10-04,,
97,289,100,2012-01-04,,
98,337,6.5,2000-10-04,2001-06-28,
98,338,6.5,2000-10-04,2001-06-28,
98,339,15,2000-10-04,2001-06-28,
98,340,52,2001-06-28,2003-01-15,
98,341,10,2000-09-22,2003-01-15,
98,342,28,2001-06-28,2003-01-15,
99,343,33,2008-12-12,2009-05-07,
99,343,16.9,2009-05-07,2013-12-19,B
99,257,34,2008-12-12,2009-05-07,
99,257,50.1,2009-05-07,2013-12-19,
99,257,67,2013-12-19,,CLASE A Y B
99,344,33,2008-12-12,,
100,6,22.1,2010-12-27,2015-10-01,
100,6,16.11,2015-10-01,2015-12-16,
100,6,36.79,2015-11-01,,
100,8,26.47,2002-06-20,2010-12-26,
100,8,12.99,2010-12-27,2015-10-01,
100,8,5.49,2015-10-01,2015-12-16,
100,9,23.55,2015-10-01,2015-12-16,
100,288,5.75,2010-12-27,2015-10-01,
100,288,9.03,2015-11-01,,
100,345,22.59,2015-10-01,2015-12-16,
100,346,7.99,2002-06-20,2010-12-26,
100,346,5.75,2010-12-27,2015-10-01,
100,346,9.03,2015-11-01,,
100,347,11.99,2002-06-20,2010-12-26,
100,347,8.63,2010-12-27,2015-10-01,
100,348,11.99,2002-06-20,2010-12-26,
100,348,8.63,2010-12-27,2015-10-01,
100,349,5.93,2015-10-01,2015-12-16,
100,349,13.54,2015-11-01,,
100,350,7.99,2002-06-20,2010-12-26,
100,350,5.75,2010-12-27,2015-10-01,
100,290,7.99,2002-06-20,2010-12-26,
100,290,5.75,2010-12-27,2015-10-01,
100,351,10.03,2002-06-20,2002-08-29,
100,351,10.23,2002-08-29,2003-12-15,
100,351,11.34,2003-12-15,2010-12-26,
100,351,17.69,2010-12-27,2015-10-01,
101,352,99.5,2009-10-28,,
102,353,99.99,2005-06-07,,
103,353,99.99,2005-06-07,,
104,354,45,2004-08-05,,
104,353,55,2004-08-05,,
105,355,5.55,2006-02-28,2009-05-27,
105,356,88.48,2003-10-18,2006-02-28,
105,356,88.64,2006-02-28,2009-07-30,
105,356,89.849018,2009-07-31,,
106,134,40,2003-06-23,,
106,138,30,2003-06-23,,
106,357,30,2003-06-23,,
107,71,31.19,2003-12-04,2004-03-26,
107,111,5.38,2009-03-31,2009-05-06,
107,111,6.16,2009-05-06,2009-07-14,A
107,111,6.42533717,2009-07-14,2009-09-18,A
107,111,7.1185,2010-05-07,2010-08-25,A
107,111,6.79035,2010-08-25,2010-09-30,A
107,111,6.3165622,2010-10-01,2010-12-31,A
107,111,5.23019215,2011-01-01,2011-01-31,A
107,111,5.0771997,2011-02-01,2011-02-28,A
107,112,7.17,2006-03-02,2007-12-31,
107,112,5,2007-12-31,2009-03-31,
107,112,7.14,2009-09-18,2010-05-07,A
107,73,7.72,2004-03-26,2006-03-02,
107,113,6.36,2009-03-31,2009-09-18,
107,113,6.2362,2010-05-07,2010-08-25,A
107,113,6.22951,2010-08-25,2010-12-31,A
107,113,6.22951142,2011-01-01,2011-01-31,A
107,113,6.0749251,2011-02-01,2011-12-30,A
107,113,6.16754436,2012-01-02,2012-06-30,A
107,113,6.1563,2012-07-02,2012-09-28,A
107,113,6.2106,2012-09-28,2012-12-31,A
107,113,5.75,2012-12-31,2016-01-15,A
107,216,5.59,2009-03-31,2009-09-18,
107,216,5.3123,2010-05-07,2010-12-31,A
107,216,5.29222826,2011-01-01,2011-01-31,A
107,106,9.08,2006-03-02,2007-12-31,
107,106,6.4,2007-12-31,2009-03-31,
107,106,6.363,2009-09-18,2010-05-07,A
107,217,5.6,2007-12-31,2009-03-31,
107,217,5.536,2009-09-18,2010-05-07,A
107,218,9.88,2004-03-26,2006-03-02,
107,358,6,2004-03-26,2007-03-23,
107,13,8.34,2004-03-26,2006-03-02,
107,193,7.72,2006-03-02,2007-03-23,
107,359,50.29,2003-12-04,2004-03-26,
107,360,50.29,2004-03-26,2005-05-30,
107,360,51.03,2005-05-30,2016-01-15,
107,360,82.38,2016-01-15,,A
107,78,7.86,2006-03-02,2007-12-31,
107,78,5.13,2009-03-31,2009-05-06,
107,79,6.8,2009-03-31,2009-05-06,
107,79,5.6,2009-05-06,2009-06-07,A
107,79,5.3,2009-06-07,2009-07-14,A
107,118,6.9,2007-12-31,2009-03-31,
107,119,5,2007-12-31,2009-03-31,
107,244,10.2,2003-12-04,2005-05-30,
108,361,11.87,2012-03-12,,
108,362,42.03,2012-03-12,,
109,363,28.8,2005-10-19,2013-03-31,
109,364,26.79,2013-03-31,,
109,365,15,2005-10-19,,
109,366,8.7,2005-10-19,2013-03-31,
110,44,95.4,2005-02-21,2005-06-02,
110,44,94.49,2005-06-02,2013-10-01,
110,44,98.04,2017-01-02,,
110,45,6.28,2001-08-31,2005-02-21,
112,367,82.1,2003-11-26,2006-03-09,
112,367,19,2006-03-09,2006-08-11,
112,368,70.9,2001-11-22,2003-11-26,
112,369,11.19,2007-02-28,2008-04-15,
112,369,11.21,2008-04-15,2008-08-12,
112,370,12.09,2006-08-11,2006-10-03,
112,370,9.62,2006-10-03,2006-11-02,
112,370,9.38,2006-11-02,2007-02-28,
112,370,8.71,2007-07-23,2008-04-15,
112,370,8.72,2008-04-15,2008-08-12,
112,371,76.7,2006-03-09,2006-08-11,
112,371,63.23,2006-08-11,2006-10-03,
112,371,64.97,2006-10-03,2006-11-02,
112,371,63.33,2006-11-02,2007-02-28,
112,371,58.92,2007-02-28,2007-03-09,
112,371,58.82,2007-07-23,2008-04-15,
112,371,58.87,2008-04-15,2009-01-29,
112,371,55.37,2009-01-29,2009-03-27,
112,371,55.29,2009-03-27,2009-12-07,COMUNES
112,371,55.3,2009-12-07,2010-06-16,COMUNES
112,371,55.32,2010-06-16,,COMUNES
112,372,16.34,2007-07-23,2008-04-15,
112,373,16.34,2006-05-13,2007-02-28,
112,373,17.56,2006-08-11,2006-10-03,
112,373,18.04,2006-10-03,2006-11-02,
112,373,17.59,2006-11-02,2007-02-28,
112,373,16.35,2008-04-15,2008-08-12,
112,373,36.28,2008-08-12,2009-01-29,COMUNES
112,373,40.07,2009-01-29,2009-03-27,
112,373,40.05,2009-03-27,2009-12-07,COMUNES
112,373,40.06,2009-12-07,2010-06-16,COMUNES
112,373,40.07,2010-06-16,2012-06-19,COMUNES
112,373,40.09,2012-06-19,2012-07-10,COMUNES
112,373,40.11,2012-07-10,2015-12-23,COMUNES
112,373,40.16,2015-12-23,2015-12-30,COMUNES
112,373,40.17,2015-12-30,2016-06-14,COMUNES
112,373,40.41,2016-06-14,,COMUNES
113,374,5.54,2015-08-21,,
113,375,46,2005-10-24,2006-07-25,
113,375,44.8,2006-07-25,2006-10-10,
113,375,32,2006-10-10,2007-05-22,
113,375,30,2007-05-23,,A
113,376,24,2005-10-24,2006-10-10,
113,376,20,2006-10-10,,
113,377,30,2005-10-24,2006-07-25,
113,377,31.2,2006-07-25,2006-10-10,
113,377,15,2006-10-10,2007-05-22,
113,377,13,2007-05-23,,A
113,378,21.46,2010-12-31,,
113,379,15.5,2006-10-10,2007-05-22,
113,379,21.46,2007-05-23,2010-12-31,A
114,380,9.17,2000-11-10,2005-06-02,
114,380,19.58,2017-02-09,,
114,381,82.49,2000-11-10,2005-06-02,
114,381,53.56,2005-06-02,,
114,382,21,2005-06-02,,
115,383,8.32,2005-06-07,2014-04-16,
115,383,8.09,2014-04-16,2016-04-05,
115,383,7.69,2016-04-05,2016-09-21,
115,383,7.02,2016-09-21,2016-11-30,
115,383,6.48,2016-11-30,,
115,384,51.06,2005-06-07,2014-04-16,
115,384,51.36,2014-04-16,2016-04-05,
115,384,53.47,2016-04-05,2016-09-21,
115,384,56.29,2016-09-21,2016-11-30,
115,384,58.25,2016-11-30,,
117,385,99.99,2002-08-09,2015-03-31,
118,386,15.11,2016-09-20,,
118,387,82.69,2005-08-19,2005-08-19,
118,387,99.29,2007-03-20,2016-09-20,SERIE 1 Y SERIE 2
118,387,80.77,2016-09-20,,
119,388,62.5,2008-01-01,2010-03-16,
119,388,90.1,2010-03-16,2010-11-15,
119,389,99.99,2010-11-16,,
119,390,37.5,2008-01-01,2010-03-16,
120,391,99.98,2003-12-04,2003-12-12,
120,392,13.95,2003-12-12,2005-01-27,
120,393,11.98,2005-01-27,2006-09-04,
120,393,12.25,2006-09-04,2007-04-19,
120,394,41.03,2003-12-12,2005-01-27,
120,394,38.7,2005-01-27,2007-01-29,
120,394,38.87,2007-01-29,2007-05-10,
120,394,32.51,2007-05-10,2007-09-20,
120,394,28.51,2007-09-20,2007-11-16,
120,228,61.13,2007-04-19,2007-05-10,
120,228,67.49,2007-05-10,2007-09-20,
120,228,71.49,2007-09-20,2007-11-27,
120,228,100,2007-11-27,2009-12-23,
120,228,99.612421,2009-12-23,2010-11-24,UNICA
120,395,96.84,2012-08-10,2012-10-18,UNICA
120,395,99.98,2012-10-18,,
120,59,0.00000035,2007-11-27,2007-11-30,
120,396,50.52,2003-12-12,2005-01-27,
120,396,47.94,2005-01-27,2007-01-29,
120,396,47.86,2007-01-29,2007-04-19,
120,277,99.6124,2010-11-24,2012-07-09,
120,277,99.5921,2012-07-09,2012-08-10,
121,397,46.4,2000-07-31,2001-06-30,B
121,398,48.308,2009-06-15,,B
121,398,48.308,2012-12-18,2012-12-19,B
121,399,98.028,2007-07-10,2012-12-18,
121,400,49.53,2001-07-01,2006-03-24,B
121,400,50.03,2006-03-24,2007-07-10,
121,401,50.18,2012-12-18,,B
121,402,8.64,2001-07-01,2004-12-16,B
121,402,38.9,2002-08-31,2004-12-16,A
121,402,47.53,2004-12-16,2006-03-24,
121,402,48.02,2006-03-24,2007-07-10,
122,398,97.42,2004-10-20,2005-07-19,
122,403,97.42,2004-10-11,2004-10-20,
122,404,96.09,2009-06-10,2010-05-24,
122,404,99.99,2010-05-24,,
122,405,96.09,2005-07-19,2009-06-10,
123,406,50,2009-09-01,,
123,407,10,2009-09-01,,
123,408,40,2009-09-01,,
124,393,15,2007-12-12,,
124,335,15,2007-12-12,,
124,43,27.5,2007-12-12,,
124,39,15,2007-12-12,,
124,409,27.5,2007-12-12,,
125,410,12.38,2005-06-01,2014-02-11,
125,410,10.43,2014-02-11,2014-12-01,
125,410,13.17,2014-12-01,2014-12-22,
125,410,13.18,2014-12-22,2015-12-02,
125,410,13.92,2015-12-02,,
125,411,22.38,2014-03-24,2014-07-10,
125,411,20,2014-07-10,2015-07-14,
125,411,20.4,2015-07-14,2015-07-16,
125,411,24.35,2015-07-16,2016-04-21,
125,411,25.99,2016-04-21,2016-12-15,
125,411,28.95,2016-12-15,,
125,412,22.38,2005-06-01,2014-03-24,
125,413,19.2,2004-03-09,2005-06-01,
125,203,8.1,2004-03-09,2005-06-01,
125,203,8.06,2005-06-01,2016-12-15,
125,414,7.25,2015-07-16,,
125,415,8.07,2016-12-15,,
125,416,9.2,2004-03-09,2005-06-01,
125,417,21.18,2005-07-25,,
125,418,9.6,2004-03-09,2005-06-01,
125,418,11.19,2005-06-01,2013-06-20,
125,419,11.19,2013-06-20,2015-07-16,
125,420,10,2004-03-09,2005-06-01,
125,420,21.18,2005-06-01,2005-07-25,
125,421,11.2,2004-03-09,2005-06-01,
125,422,22.96,2014-03-27,2014-12-22,
125,422,23.6,2014-12-22,2016-12-15,
125,422,20.64,2016-12-15,,
125,423,31,2004-03-09,2005-06-01,
125,423,22.96,2005-06-01,2014-03-27,
126,10,7.57,2004-11-11,2005-03-10,
126,10,7.59,2005-03-10,2005-10-13,
126,10,7.32,2005-10-13,2005-12-13,
126,10,7.24,2005-12-13,2006-01-13,
126,10,7.1,2006-01-13,2006-12-12,
126,111,5.52,2007-03-31,2007-04-30,
126,112,5.74,2005-12-09,2007-03-30,
126,112,6.26,2006-12-12,2007-03-12,
126,112,5.256,2007-04-30,2007-05-31,
126,11,9.83,2004-11-11,2005-02-10,
126,11,9.71,2005-02-10,2005-10-13,
126,11,7.68,2005-10-13,2005-11-11,
126,11,7.65,2005-11-11,2005-12-13,
126,11,7.77,2005-12-13,2006-01-13,
126,11,7.7,2006-01-13,2006-12-12,
126,113,5.374,2007-03-31,2007-04-30,
126,106,5.577,2005-12-09,2007-03-30,
126,106,6.11,2006-12-12,2007-03-12,
126,106,5.084,2007-04-30,2007-05-31,
126,218,10.16,2004-09-10,2004-11-11,
126,14,7.76,2004-11-11,2005-10-13,
126,14,7.32,2005-10-13,2005-11-11,
126,14,7.29,2005-11-11,2005-12-13,
126,14,7.25,2005-12-13,2006-01-13,
126,14,7.16,2006-01-13,2006-12-12,
126,78,6.468,2007-03-31,2007-04-30,
126,119,7.343,2005-12-09,2007-03-30,
126,119,8.62,2006-12-12,2007-03-12,
126,119,5.784,2007-04-30,2007-05-31,
126,119,5.405,2007-05-31,2007-06-30,
127,424,22.95,2002-07-16,2005-03-08,A
127,424,22.94,2005-03-08,2006-06-28,A
127,424,19.05,2006-06-28,2006-12-14,
127,424,22.94,2006-12-14,2006-12-28,
127,424,19.05,2006-12-28,2007-01-02,
127,424,27.91,2007-01-02,2009-05-28,
127,424,30.44,2009-05-28,,
127,425,19.97,2002-08-06,2005-10-28,A
127,426,9.25,2004-08-24,2004-09-10,
127,426,9.27,2004-09-10,2004-11-26,
127,426,9.25,2004-11-26,2005-10-28,
127,426,9.26,2005-10-28,2006-06-28,
127,426,28.5,2006-06-28,2006-12-14,
127,426,16.04,2006-12-14,2006-12-28,
127,426,28.5,2006-12-28,2007-01-02,
127,427,5.66,2004-02-28,2005-06-08,A
127,427,5.67,2005-06-08,2006-01-10,A
127,428,6.54,2006-12-14,2006-12-28,
127,428,5.43,2006-12-28,2007-01-02,
127,428,9.98,2007-01-07,2009-05-29,
127,429,18.34,2000-12-19,2002-12-27,A
127,430,20.04,2005-11-15,2005-12-23,A
127,430,20.05,2005-12-23,2006-06-28,
127,430,16.72,2006-06-28,2006-12-14,
127,430,20.08,2006-12-14,2006-12-28,
127,430,16.74,2006-12-28,2007-01-02,
127,430,24.57,2007-01-02,2009-05-29,
127,431,66.55,2009-05-29,2009-12-22,
127,431,66.57,2009-12-22,,
127,432,22.09,2002-12-27,2006-06-28,A
127,432,18.34,2006-06-28,2006-12-14,
127,432,22.09,2006-12-14,2006-12-28,
127,432,18.34,2006-12-28,2007-01-02,
127,432,26.87,2007-01-02,2007-06-26,
127,432,32,2007-06-26,2009-05-29,CAPITAL
129,433,8.3832,2010-05-26,2010-10-01,A
129,433,8.38,2017-06-21,,A
129,434,6.75,2003-01-21,2005-05-06,A
129,434,10.33,2017-06-21,,A
129,435,8.37,2000-05-16,2005-05-06,B
129,435,8.21,2005-05-06,2006-02-28,
129,435,6.39,2006-02-28,2009-10-07,
129,435,5.91,2009-10-07,2010-05-26,
129,435,9.6563,2010-05-26,2010-10-01,B
129,435,0.19,2010-10-01,2010-10-21,A
129,435,5.79,2010-10-01,2010-10-21,B
129,435,11.17,2017-06-21,,A
129,436,4.99,2017-06-21,,A
129,437,9.34,2003-07-31,2005-05-06,A
129,437,25.24,2010-04-16,2010-05-26,
129,437,46.8996,2010-05-26,2010-10-01,A
129,437,10.7666,2010-05-26,2010-10-01,B
129,437,18.8,2010-10-01,2013-03-08,A
129,437,6.45,2010-10-01,2010-11-29,B
129,111,7.7644,2010-05-26,2010-10-01,B
129,111,0.54,2010-12-22,2011-10-12,A
129,111,4.9,2010-12-23,2011-10-12,B
129,111,0.2,2011-10-12,2012-08-31,A
129,111,5.13,2011-10-12,2012-08-31,B
129,113,6.78,2005-12-09,2010-03-31,
129,113,8.0629,2010-05-26,2010-10-01,B
129,113,0.43,2010-10-21,2010-12-21,A
129,113,4.83,2010-10-21,2010-12-21,B
129,113,5.49,2010-12-21,2011-10-12,B
129,113,0.45,2010-12-21,2011-10-12,A
129,113,6.12,2011-10-12,2012-08-31,B
129,113,0.51,2011-10-12,2012-08-31,A
129,113,0.29,2012-08-31,2013-03-11,A
129,113,6.22,2012-08-31,2013-03-11,B
129,113,0.3,2013-03-11,2013-08-29,A
129,113,6.64,2013-03-11,2013-08-29,B
129,113,9,2013-08-29,2014-10-17,B
129,113,0.34,2013-08-29,2017-06-21,A
129,113,7.54,2014-04-06,2016-06-07,
129,113,8.97,2014-10-17,2014-11-11,B
129,113,8.31,2014-11-11,2014-04-05,B
129,113,7.08,2016-06-07,2017-06-21,B
129,216,5.6712,2010-05-26,2010-10-01,B
129,216,0.37,2013-08-29,2014-06-09,A
129,216,4.72,2013-08-29,2014-06-09,B
129,438,8.44,2017-06-21,,A
129,439,9.9,2017-06-21,,A
129,440,8.91,2017-06-21,,A
129,441,17.59,2005-05-06,2006-02-28,
129,441,17.1,2006-02-28,2010-04-16,
129,442,9.38,2017-06-21,,A
129,443,6.57,2003-01-21,2005-05-06,A
129,78,5.6,2005-12-09,2010-03-09,
129,78,5.31,2010-03-09,2010-05-26,
129,78,8.8585,2010-05-26,2010-10-01,B
129,78,0.84,2010-10-21,2011-10-12,A
129,78,6.18,2010-12-14,2011-10-12,B
129,78,6.25,2011-10-12,2012-08-31,B
129,78,0.37,2011-10-12,2012-08-31,A
129,78,5.79,2012-08-31,2013-03-11,B
129,78,0.27,2012-08-31,2017-06-21,A
129,78,5.96,2013-03-11,2013-08-29,B
129,78,6.07,2013-08-29,2014-06-09,B
129,78,7.26,2014-04-06,2016-06-07,
129,78,7.03,2014-06-09,2014-10-17,B
129,78,7.03,2014-10-17,2014-10-17,B
129,78,7.1,2014-10-17,2014-11-11,B
129,78,7.14,2014-11-11,2014-04-05,B
129,78,6.41,2016-06-07,2017-06-21,B
129,79,5.8696,2010-05-26,2010-10-01,B
129,119,5.3,2010-10-01,2010-12-14,B
129,444,7.81,2017-06-21,,A
129,445,0.49,2006-02-28,2007-01-08,
129,446,10.02,2003-12-23,2009-05-27,
129,446,6.61,2005-05-06,2005-06-03,
129,446,6.98,2005-06-03,2006-02-28,
129,446,10,2009-05-27,2010-05-26,
129,446,24.9626,2010-05-26,2010-10-01,A
129,446,10,2010-10-01,2010-10-21,A
129,447,10.32,2003-01-21,2005-05-06,A
130,448,99.99,2011-11-28,,
131,449,92.65,2008-03-18,2009-11-27,
131,232,92.65,2009-11-27,,
131,450,92.65,2002-08-16,2008-03-17,
132,451,46,2007-02-20,2008-02-29,
132,452,14,2007-03-08,2008-02-29,
132,453,14,2007-02-20,2008-02-29,
132,454,20,2007-02-20,2008-02-29,
132,455,28.43,2008-02-29,,A
132,456,28.43,2008-02-29,,A
132,457,6,2004-02-26,2008-02-29,
132,457,14.71,2008-02-29,,A
132,458,28.43,2008-02-29,,A
